sample_idx,shapley_value,label,is_noisy,is_outlier,is_redundant,is_high_value
1816,1.5000000000000002,0,False,False,False,True
2892,1.4000000000000001,1,False,False,False,True
2550,1.4000000000000001,0,False,False,False,True
3418,1.3,0,False,False,False,True
848,1.3,0,False,False,False,True
2374,1.2,0,False,False,False,True
3149,1.2,1,False,False,False,True
2964,1.2,0,False,False,False,True
2272,1.0999999999999999,0,False,False,False,True
901,1.0999999999999999,0,False,False,False,True
1264,1.0999999999999999,0,False,False,False,True
3407,1.0999999999999999,0,False,False,False,True
3265,0.9999999999999999,0,False,False,False,True
1247,0.9999999999999999,0,False,False,False,True
2624,0.9999999999999999,0,False,False,False,True
187,0.9999999999999999,0,False,False,False,True
3018,0.9999999999999999,0,False,False,False,True
996,0.9999999999999999,0,False,False,False,True
669,0.9999999999999999,0,False,False,False,True
1875,0.9999999999999999,1,False,False,False,True
2218,0.8999999999999999,0,False,False,False,True
2194,0.8999999999999999,0,False,False,False,True
1547,0.8999999999999999,0,False,False,False,True
2947,0.8999999999999999,0,False,False,False,True
2679,0.8999999999999999,1,False,False,False,True
2421,0.8999999999999999,1,False,False,False,True
2317,0.8999999999999999,0,False,False,False,True
1192,0.7999999999999999,0,False,False,False,True
638,0.7999999999999999,0,False,False,False,True
2706,0.7999999999999999,0,False,False,False,True
2889,0.7999999999999999,0,False,False,False,True
1322,0.7999999999999999,0,False,False,False,True
3232,0.7999999999999999,0,False,False,False,True
3322,0.7999999999999999,0,False,False,False,True
1619,0.7999999999999999,1,False,False,False,True
146,0.7,0,False,False,False,True
2277,0.7,1,False,False,False,True
2616,0.7,0,False,False,False,True
189,0.7,1,False,False,False,True
1166,0.7,1,False,False,False,True
2097,0.7,0,False,False,False,True
207,0.7,1,False,False,False,True
985,0.6,1,False,False,False,True
2131,0.6,0,False,False,False,True
1069,0.6,0,False,False,False,True
1066,0.6,0,False,False,False,True
2055,0.6,0,False,False,False,True
444,0.6,0,False,False,False,True
981,0.6,0,False,False,False,True
17,0.6,0,False,False,False,True
1771,0.6,0,False,False,False,True
896,0.6,1,False,False,False,True
698,0.6,0,False,False,False,True
78,0.6,1,False,False,False,True
79,0.6,0,False,False,False,True
1868,0.6,1,False,False,False,True
809,0.6,0,False,False,False,True
1890,0.6,1,False,False,False,True
201,0.6,0,False,False,False,True
2928,0.6,0,False,False,False,True
523,0.6,1,False,False,False,True
3058,0.6,1,False,False,False,True
264,0.6,0,False,False,False,True
1494,0.6,0,False,False,False,True
2371,0.6,1,False,False,False,True
2533,0.6,1,False,False,False,True
1208,0.6,0,False,False,False,True
1209,0.6,1,False,False,False,True
1538,0.6,1,False,False,False,True
317,0.6,1,False,False,False,True
1336,0.6,0,False,False,False,True
3240,0.5,1,False,False,False,True
476,0.5,1,False,False,False,True
505,0.5,1,False,False,False,True
3416,0.5,0,False,False,False,True
3171,0.5,0,False,False,False,True
388,0.5,0,False,False,False,True
508,0.5,0,False,False,False,True
691,0.5,1,False,False,False,True
602,0.5,0,False,False,False,True
569,0.5,0,False,False,False,True
3393,0.5,0,False,False,False,True
640,0.5,0,False,False,False,True
598,0.5,1,False,False,False,True
621,0.5,0,False,False,False,True
1793,0.5,0,False,False,False,True
2933,0.5,0,False,False,False,True
2133,0.5,0,False,False,False,True
1512,0.5,0,False,False,False,True
1561,0.5,1,False,False,False,True
1572,0.5,0,False,False,False,True
2151,0.5,0,False,False,False,True
2149,0.5,0,False,False,False,True
2144,0.5,1,False,False,False,True
2099,0.5,0,False,False,False,True
1469,0.5,0,False,False,False,True
1681,0.5,0,False,False,False,True
2042,0.5,1,False,False,False,True
1751,0.5,0,False,False,False,True
1984,0.5,0,False,False,False,True
1827,0.5,0,False,False,False,True
1930,0.5,1,False,False,False,True
2271,0.5,0,False,False,False,True
1438,0.5,1,False,False,False,True
821,0.5,0,False,False,False,True
2590,0.5,0,False,False,False,True
2803,0.5,0,False,False,False,True
949,0.5,0,False,False,False,True
2737,0.5,0,False,False,False,True
2702,0.5,0,False,False,False,True
1064,0.5,0,False,False,False,True
1118,0.5,0,False,False,False,True
1149,0.5,0,False,False,False,True
2335,0.5,1,False,False,False,True
2571,0.5,0,False,False,False,True
2541,0.5,0,False,False,False,True
2488,0.5,0,False,False,False,True
1276,0.5,0,False,False,False,True
2463,0.5,0,False,False,False,True
1358,0.5,1,False,False,False,True
1102,0.5,1,False,False,False,True
953,0.5,0,False,False,False,True
8,0.5,0,False,False,False,True
3561,0.5,1,False,False,False,True
696,0.4,0,False,False,False,True
244,0.4,0,False,False,False,True
491,0.4,0,False,False,False,True
3354,0.4,1,False,False,False,True
2395,0.4,0,False,False,False,True
2486,0.4,1,False,False,False,True
1500,0.4,1,False,False,False,True
1719,0.4,1,False,False,False,True
3375,0.4,1,False,False,False,True
33,0.4,1,False,False,False,True
1955,0.4,0,False,False,False,True
2567,0.4,0,False,False,False,True
66,0.4,0,False,False,False,True
2070,0.4,0,False,False,False,True
2558,0.4,1,False,False,False,True
708,0.4,0,False,False,False,True
2669,0.4,1,False,False,False,True
869,0.4,0,False,False,False,True
1864,0.4,0,False,False,False,True
198,0.4,1,False,False,False,True
1553,0.4,0,False,False,False,True
1974,0.4,0,False,False,False,True
3343,0.4,1,False,False,False,True
1924,0.4,0,False,False,False,True
2991,0.4,1,False,False,False,True
1574,0.4,0,False,False,False,True
3208,0.4,1,False,False,False,True
2162,0.4,0,False,False,False,True
2005,0.4,1,False,False,False,True
2257,0.4,0,False,False,False,True
1283,0.4,1,False,False,False,True
39,0.4,0,False,False,False,True
347,0.4,0,False,False,False,True
3304,0.4,1,False,False,False,True
1820,0.4,0,False,False,False,True
328,0.4,0,False,False,False,True
1519,0.4,0,False,False,False,True
1296,0.4,0,False,False,False,True
3315,0.4,1,False,False,False,True
2340,0.4,1,False,False,False,True
1011,0.4,1,False,False,False,True
292,0.4,0,False,False,False,True
2569,0.4,1,False,False,False,True
1870,0.4,1,False,False,False,True
2873,0.4,0,False,False,False,True
1899,0.4,0,False,False,False,True
2309,0.4,0,False,False,False,True
3087,0.4,0,False,False,False,True
3090,0.4,0,False,False,False,True
168,0.4,1,False,False,False,True
2210,0.4,1,False,False,False,True
1441,0.4,0,False,False,False,True
1604,0.4,0,False,False,False,True
466,0.30000000000000004,0,False,False,False,True
1001,0.30000000000000004,1,False,False,False,True
1330,0.30000000000000004,1,False,False,False,True
1524,0.30000000000000004,1,False,False,False,True
1444,0.30000000000000004,1,False,False,False,True
1002,0.30000000000000004,1,False,False,False,True
305,0.30000000000000004,1,False,False,False,True
319,0.30000000000000004,0,False,False,False,True
2053,0.30000000000000004,1,False,False,False,True
1098,0.30000000000000004,1,False,False,False,True
2978,0.30000000000000004,0,False,False,False,True
3172,0.30000000000000004,1,False,False,False,True
687,0.30000000000000004,0,False,False,False,True
313,0.30000000000000004,0,False,False,False,True
1520,0.30000000000000004,0,False,False,False,True
1329,0.30000000000000004,1,False,False,False,True
3105,0.30000000000000004,0,False,False,False,True
1114,0.30000000000000004,0,False,False,False,True
461,0.30000000000000004,0,False,False,False,True
3518,0.30000000000000004,0,False,False,False,True
2412,0.30000000000000004,1,False,False,False,True
1227,0.30000000000000004,0,False,False,False,True
1831,0.30000000000000004,0,False,False,False,True
1549,0.30000000000000004,1,False,False,False,True
1971,0.30000000000000004,0,False,False,False,True
2205,0.30000000000000004,1,False,False,False,True
2270,0.30000000000000004,0,False,False,False,True
1683,0.30000000000000004,0,False,False,False,True
2517,0.30000000000000004,1,False,False,False,True
1386,0.30000000000000004,1,False,False,False,True
1094,0.30000000000000004,0,False,False,False,True
1975,0.30000000000000004,0,False,False,False,True
692,0.30000000000000004,0,False,False,False,True
1115,0.30000000000000004,0,False,False,False,True
323,0.30000000000000004,0,False,False,False,True
812,0.30000000000000004,0,False,False,False,True
1211,0.30000000000000004,0,False,False,False,True
2462,0.30000000000000004,0,False,False,False,True
2726,0.30000000000000004,1,False,False,False,True
1636,0.30000000000000004,0,False,False,False,True
2460,0.30000000000000004,0,False,False,False,True
3478,0.30000000000000004,0,False,False,False,True
1389,0.30000000000000004,0,False,False,False,True
3266,0.30000000000000004,0,False,False,False,True
970,0.30000000000000004,0,False,False,False,True
433,0.30000000000000004,0,False,False,False,True
135,0.30000000000000004,0,False,False,False,True
658,0.30000000000000004,0,False,False,False,True
2242,0.30000000000000004,1,False,False,False,True
2380,0.30000000000000004,0,False,False,False,True
1420,0.30000000000000004,0,False,False,False,True
2127,0.30000000000000004,0,False,False,False,True
401,0.30000000000000004,0,False,False,False,True
3016,0.30000000000000004,1,False,False,False,True
1137,0.30000000000000004,0,False,False,False,True
2119,0.30000000000000004,0,False,False,False,True
362,0.30000000000000004,1,False,False,False,True
1679,0.30000000000000004,1,False,False,False,True
1916,0.30000000000000004,1,False,False,False,True
833,0.30000000000000004,0,False,False,False,True
3033,0.30000000000000004,0,False,False,False,True
2132,0.30000000000000004,1,False,False,False,True
1256,0.30000000000000004,0,False,False,False,True
1653,0.30000000000000004,0,False,False,False,True
3298,0.30000000000000004,0,False,False,False,True
1606,0.30000000000000004,1,False,False,False,True
2998,0.30000000000000004,0,False,False,False,True
836,0.30000000000000004,0,False,False,False,True
2457,0.30000000000000004,0,False,False,False,True
3287,0.30000000000000004,1,False,False,False,True
979,0.30000000000000004,1,False,False,False,True
2261,0.30000000000000004,0,False,False,False,True
1786,0.30000000000000004,0,False,False,False,True
2691,0.30000000000000004,0,False,False,False,True
1997,0.30000000000000004,1,False,False,False,True
2922,0.30000000000000004,1,False,False,False,True
3128,0.30000000000000004,0,False,False,False,True
1850,0.30000000000000004,0,False,False,False,True
231,0.30000000000000004,0,False,False,False,True
2347,0.30000000000000004,0,False,False,False,True
2425,0.30000000000000004,0,False,False,False,True
3397,0.30000000000000004,1,False,False,False,True
830,0.30000000000000004,0,False,False,False,True
2171,0.30000000000000004,0,False,False,False,True
2536,0.30000000000000004,0,False,False,False,True
1931,0.30000000000000004,1,False,False,False,True
2661,0.30000000000000004,0,False,False,False,True
4,0.30000000000000004,1,False,False,False,True
42,0.30000000000000004,0,False,False,False,True
3114,0.30000000000000004,0,False,False,False,True
2676,0.30000000000000004,0,False,False,False,True
749,0.30000000000000004,0,False,False,False,True
533,0.30000000000000004,0,False,False,False,True
1942,0.30000000000000004,0,False,False,False,True
1071,0.30000000000000004,1,False,False,False,True
195,0.30000000000000004,0,False,False,False,True
115,0.30000000000000004,0,False,False,False,True
1164,0.30000000000000004,0,False,False,False,True
1672,0.30000000000000004,0,False,False,False,True
3119,0.30000000000000004,1,False,False,False,True
2921,0.30000000000000004,0,False,False,False,True
1084,0.30000000000000004,1,False,False,False,True
3494,0.30000000000000004,0,False,False,False,True
2822,0.30000000000000004,0,False,False,False,True
164,0.30000000000000004,1,False,False,False,True
2598,0.30000000000000004,0,False,False,False,True
1714,0.30000000000000004,1,False,False,False,True
704,0.30000000000000004,1,False,False,False,True
3385,0.30000000000000004,0,False,False,False,True
155,0.30000000000000004,0,False,False,False,True
48,0.30000000000000004,1,False,False,False,True
2970,0.30000000000000004,1,False,False,False,True
2100,0.30000000000000004,0,False,False,False,True
1692,0.30000000000000004,0,False,False,False,True
3456,0.30000000000000004,1,False,False,False,True
3072,0.20000000000000004,1,False,False,False,True
678,0.20000000000000004,1,False,False,False,True
2358,0.20000000000000004,1,False,False,False,True
3529,0.20000000000000004,0,False,False,False,True
1461,0.20000000000000004,1,False,False,False,True
2870,0.20000000000000004,1,False,False,False,True
2811,0.20000000000000004,0,False,False,False,True
1822,0.20000000000000004,0,False,False,False,True
2540,0.20000000000000004,0,False,False,False,True
1142,0.20000000000000004,1,False,False,False,True
241,0.20000000000000004,0,False,False,False,True
3011,0.20000000000000004,1,False,False,False,True
172,0.20000000000000004,0,False,False,False,True
1213,0.20000000000000004,0,False,False,False,True
3148,0.20000000000000004,0,False,False,False,True
1937,0.20000000000000004,0,False,False,False,True
256,0.20000000000000004,0,False,False,False,True
2648,0.20000000000000004,0,False,False,False,True
1501,0.20000000000000004,1,False,False,False,True
1665,0.20000000000000004,0,False,False,False,True
1431,0.20000000000000004,1,False,False,False,True
1986,0.20000000000000004,0,False,False,False,True
548,0.20000000000000004,0,False,False,False,True
1551,0.20000000000000004,1,False,False,False,True
2193,0.20000000000000004,0,False,False,False,True
3161,0.20000000000000004,1,False,False,False,True
3101,0.20000000000000004,0,False,False,False,True
1727,0.20000000000000004,0,False,False,False,True
910,0.20000000000000004,0,False,False,False,True
3444,0.20000000000000004,0,False,False,False,True
3538,0.20000000000000004,0,False,False,False,True
1000,0.20000000000000004,0,False,False,False,True
1298,0.20000000000000004,0,False,False,False,True
837,0.2,0,False,False,False,False
3206,0.2,1,False,False,False,False
2029,0.2,1,False,False,False,False
2521,0.2,1,False,False,False,False
2028,0.2,0,False,False,False,False
2038,0.2,1,False,False,False,False
2824,0.2,0,False,False,False,False
2823,0.2,1,False,False,False,False
3202,0.2,1,False,False,False,False
2244,0.2,1,False,False,False,False
641,0.2,0,False,False,False,False
1421,0.2,0,False,False,False,False
93,0.2,0,False,False,False,False
2816,0.2,1,False,False,False,False
643,0.2,0,False,False,False,False
429,0.2,0,False,False,False,False
3083,0.2,0,False,False,False,False
541,0.2,0,False,False,False,False
1218,0.2,1,False,False,False,False
2866,0.2,0,False,False,False,False
1690,0.2,1,False,False,False,False
929,0.2,1,False,False,False,False
2365,0.2,0,False,False,False,False
2833,0.2,1,False,False,False,False
2084,0.2,0,False,False,False,False
3543,0.2,0,False,False,False,False
1758,0.2,1,False,False,False,False
3142,0.2,1,False,False,False,False
861,0.2,0,False,False,False,False
1570,0.2,0,False,False,False,False
599,0.2,0,False,False,False,False
1171,0.2,0,False,False,False,False
3164,0.2,1,False,False,False,False
903,0.2,1,False,False,False,False
3510,0.2,0,False,False,False,False
35,0.2,1,False,False,False,False
1238,0.2,0,False,False,False,False
2787,0.2,0,False,False,False,False
3159,0.2,1,False,False,False,False
1557,0.2,0,False,False,False,False
3158,0.2,1,False,False,False,False
2363,0.2,0,False,False,False,False
2110,0.2,1,False,False,False,False
490,0.2,1,False,False,False,False
3555,0.2,0,False,False,False,False
1666,0.2,0,False,False,False,False
893,0.2,0,False,False,False,False
891,0.2,1,False,False,False,False
1168,0.2,1,False,False,False,False
101,0.2,1,False,False,False,False
1170,0.2,0,False,False,False,False
609,0.2,0,False,False,False,False
888,0.2,1,False,False,False,False
3131,0.2,1,False,False,False,False
3042,0.2,0,False,False,False,False
3565,0.2,0,False,False,False,False
2199,0.2,0,False,False,False,False
1652,0.2,0,False,False,False,False
2574,0.2,0,False,False,False,False
923,0.2,1,False,False,False,False
2359,0.2,0,False,False,False,False
3183,0.2,0,False,False,False,False
3034,0.2,1,False,False,False,False
1566,0.2,0,False,False,False,False
623,0.2,0,False,False,False,False
457,0.2,1,False,False,False,False
458,0.2,1,False,False,False,False
1158,0.2,1,False,False,False,False
1410,0.2,1,False,False,False,False
529,0.2,0,False,False,False,False
1732,0.2,0,False,False,False,False
3089,0.2,0,False,False,False,False
1731,0.2,1,False,False,False,False
1254,0.2,0,False,False,False,False
850,0.2,0,False,False,False,False
870,0.2,0,False,False,False,False
2494,0.2,0,False,False,False,False
3509,0.2,0,False,False,False,False
1705,0.2,0,False,False,False,False
3061,0.2,0,False,False,False,False
2344,0.2,0,False,False,False,False
3362,0.2,0,False,False,False,False
211,0.2,0,False,False,False,False
1595,0.2,0,False,False,False,False
712,0.2,0,False,False,False,False
1855,0.2,0,False,False,False,False
2429,0.2,0,False,False,False,False
113,0.2,0,False,False,False,False
1849,0.2,0,False,False,False,False
2402,0.2,1,False,False,False,False
1042,0.2,0,False,False,False,False
2434,0.2,0,False,False,False,False
51,0.2,0,False,False,False,False
248,0.2,1,False,False,False,False
2685,0.2,1,False,False,False,False
2905,0.2,1,False,False,False,False
2697,0.2,1,False,False,False,False
2466,0.2,0,False,False,False,False
2903,0.2,1,False,False,False,False
1476,0.2,1,False,False,False,False
275,0.2,1,False,False,False,False
1021,0.2,0,False,False,False,False
1020,0.2,1,False,False,False,False
279,0.2,1,False,False,False,False
1019,0.2,0,False,False,False,False
2700,0.2,1,False,False,False,False
3344,0.2,1,False,False,False,False
290,0.2,0,False,False,False,False
2899,0.2,1,False,False,False,False
67,0.2,0,False,False,False,False
685,0.2,0,False,False,False,False
2708,0.2,0,False,False,False,False
2658,0.2,1,False,False,False,False
2152,0.2,0,False,False,False,False
2896,0.2,1,False,False,False,False
65,0.2,0,False,False,False,False
1904,0.2,1,False,False,False,False
1902,0.2,0,False,False,False,False
2939,0.2,0,False,False,False,False
1435,0.2,1,False,False,False,False
1910,0.2,0,False,False,False,False
1096,0.2,1,False,False,False,False
1913,0.2,0,False,False,False,False
149,0.2,1,False,False,False,False
1449,0.2,1,False,False,False,False
2941,0.2,1,False,False,False,False
2314,0.2,0,False,False,False,False
159,0.2,0,False,False,False,False
1887,0.2,1,False,False,False,False
2295,0.2,1,False,False,False,False
1918,0.2,0,False,False,False,False
2923,0.2,0,False,False,False,False
170,0.2,0,False,False,False,False
1610,0.2,0,False,False,False,False
3441,0.2,0,False,False,False,False
1923,0.2,0,False,False,False,False
728,0.2,1,False,False,False,False
1881,0.2,0,False,False,False,False
1880,0.2,0,False,False,False,False
1933,0.2,1,False,False,False,False
748,0.2,0,False,False,False,False
1073,0.2,0,False,False,False,False
2952,0.2,0,False,False,False,False
722,0.2,0,False,False,False,False
2290,0.2,0,False,False,False,False
1584,0.2,1,False,False,False,False
3081,0.2,0,False,False,False,False
681,0.2,1,False,False,False,False
2256,0.2,0,False,False,False,False
1357,0.2,1,False,False,False,False
3293,0.2,0,False,False,False,False
3252,0.2,0,False,False,False,False
3254,0.2,0,False,False,False,False
3301,0.2,0,False,False,False,False
2582,0.2,1,False,False,False,False
384,0.2,0,False,False,False,False
1279,0.2,0,False,False,False,False
653,0.2,0,False,False,False,False
343,0.2,0,False,False,False,False
1182,0.2,1,False,False,False,False
2008,0.2,1,False,False,False,False
1788,0.2,1,False,False,False,False
1982,0.2,1,False,False,False,False
2887,0.2,1,False,False,False,False
1286,0.2,1,False,False,False,False
793,0.2,0,False,False,False,False
1993,0.2,1,False,False,False,False
107,0.2,1,False,False,False,False
325,0.2,0,False,False,False,False
2018,0.2,0,False,False,False,False
3318,0.2,1,False,False,False,False
3316,0.2,0,False,False,False,False
2895,0.2,0,False,False,False,False
3312,0.2,0,False,False,False,False
1767,0.2,0,False,False,False,False
1351,0.2,0,False,False,False,False
3308,0.2,0,False,False,False,False
1634,0.2,0,False,False,False,False
3554,0.2,1,False,False,False,False
1770,0.2,1,False,False,False,False
9,0.2,0,False,False,False,False
332,0.2,0,False,False,False,False
330,0.2,0,False,False,False,False
779,0.2,0,False,False,False,False
1471,0.19999999999999998,1,False,False,False,False
967,0.19999999999999998,0,False,False,False,False
2826,0.19999999999999998,0,False,False,False,False
2076,0.19999999999999998,0,False,False,False,False
1104,0.19999999999999998,0,False,False,False,False
2631,0.19999999999999998,1,False,False,False,False
2387,0.10000000000000003,0,False,False,False,False
3582,0.10000000000000003,0,False,False,False,False
2474,0.10000000000000003,1,False,False,False,False
1772,0.10000000000000003,1,False,False,False,False
206,0.10000000000000003,0,False,False,False,False
131,0.10000000000000003,0,False,False,False,False
980,0.10000000000000003,1,False,False,False,False
1885,0.10000000000000003,0,False,False,False,False
1422,0.10000000000000003,0,False,False,False,False
3381,0.10000000000000003,1,False,False,False,False
2555,0.10000000000000003,0,False,False,False,False
1306,0.10000000000000003,0,False,False,False,False
820,0.10000000000000003,0,False,False,False,False
76,0.10000000000000003,1,False,False,False,False
3562,0.10000000000000003,1,False,False,False,False
336,0.10000000000000003,0,False,False,False,False
253,0.10000000000000003,0,False,False,False,False
759,0.1,1,False,False,False,False
2544,0.1,1,False,False,False,False
1591,0.1,0,False,False,False,False
1590,0.1,0,False,False,False,False
1187,0.1,0,False,False,False,False
2878,0.1,1,False,False,False,False
2181,0.1,1,False,False,False,False
781,0.1,0,False,False,False,False
1193,0.1,0,False,False,False,False
2876,0.1,0,False,False,False,False
83,0.1,0,False,False,False,False
1183,0.1,0,False,False,False,False
2342,0.1,0,False,False,False,False
2875,0.1,0,False,False,False,False
2178,0.1,0,False,False,False,False
2837,0.1,0,False,False,False,False
772,0.1,0,False,False,False,False
2834,0.1,1,False,False,False,False
774,0.1,1,False,False,False,False
1600,0.1,0,False,False,False,False
54,0.1,0,False,False,False,False
2908,0.1,1,False,False,False,False
2197,0.1,1,False,False,False,False
81,0.1,1,False,False,False,False
1177,0.1,0,False,False,False,False
82,0.1,0,False,False,False,False
2209,0.1,1,False,False,False,False
1190,0.1,0,False,False,False,False
2919,0.1,0,False,False,False,False
1568,0.1,1,False,False,False,False
753,0.1,0,False,False,False,False
2844,0.1,1,False,False,False,False
1401,0.1,0,False,False,False,False
1189,0.1,1,False,False,False,False
1188,0.1,0,False,False,False,False
786,0.1,1,False,False,False,False
2184,0.1,1,False,False,False,False
750,0.1,1,False,False,False,False
2885,0.1,0,False,False,False,False
822,0.1,1,False,False,False,False
2336,0.1,0,False,False,False,False
2185,0.1,0,False,False,False,False
1552,0.1,1,False,False,False,False
747,0.1,0,False,False,False,False
80,0.1,0,False,False,False,False
1405,0.1,0,False,False,False,False
2337,0.1,0,False,False,False,False
1554,0.1,0,False,False,False,False
2916,0.1,0,False,False,False,False
1332,0.1,0,False,False,False,False
839,0.1,0,False,False,False,False
1015,0.1,0,False,False,False,False
1481,0.1,0,False,False,False,False
1480,0.1,1,False,False,False,False
68,0.1,1,False,False,False,False
2705,0.1,1,False,False,False,False
1424,0.1,0,False,False,False,False
2587,0.1,0,False,False,False,False
1477,0.1,0,False,False,False,False
1016,0.1,0,False,False,False,False
1003,0.1,0,False,False,False,False
1018,0.1,0,False,False,False,False
1023,0.1,0,False,False,False,False
1025,0.1,0,False,False,False,False
1474,0.1,1,False,False,False,False
2695,0.1,0,False,False,False,False
1131,0.1,0,False,False,False,False
1030,0.1,0,False,False,False,False
2267,0.1,1,False,False,False,False
999,0.1,0,False,False,False,False
973,0.1,0,False,False,False,False
2266,0.1,0,False,False,False,False
2723,0.1,0,False,False,False,False
71,0.1,0,False,False,False,False
1489,0.1,0,False,False,False,False
983,0.1,0,False,False,False,False
984,0.1,0,False,False,False,False
1136,0.1,0,False,False,False,False
1486,0.1,1,False,False,False,False
2716,0.1,0,False,False,False,False
998,0.1,0,False,False,False,False
1483,0.1,0,False,False,False,False
2714,0.1,1,False,False,False,False
2713,0.1,0,False,False,False,False
2712,0.1,0,False,False,False,False
2711,0.1,0,False,False,False,False
3536,0.1,1,False,False,False,False
997,0.1,1,False,False,False,False
2689,0.1,1,False,False,False,False
2687,0.1,0,False,False,False,False
1036,0.1,1,False,False,False,False
1081,0.1,0,False,False,False,False
1070,0.1,0,False,False,False,False
1072,0.1,1,False,False,False,False
1457,0.1,0,False,False,False,False
2645,0.1,1,False,False,False,False
2596,0.1,0,False,False,False,False
1078,0.1,1,False,False,False,False
2642,0.1,1,False,False,False,False
2640,0.1,0,False,False,False,False
2319,0.1,1,False,False,False,False
1453,0.1,1,False,False,False,False
2632,0.1,0,False,False,False,False
1117,0.1,0,False,False,False,False
1436,0.1,0,False,False,False,False
2613,0.1,0,False,False,False,False
2612,0.1,0,False,False,False,False
2605,0.1,1,False,False,False,False
1123,0.1,0,False,False,False,False
64,0.1,1,False,False,False,False
2651,0.1,0,False,False,False,False
2653,0.1,0,False,False,False,False
1040,0.1,1,False,False,False,False
1427,0.1,1,False,False,False,False
2678,0.1,1,False,False,False,False
1467,0.1,0,False,False,False,False
1466,0.1,0,False,False,False,False
3557,0.1,1,False,False,False,False
2671,0.1,0,False,False,False,False
1127,0.1,1,False,False,False,False
2668,0.1,0,False,False,False,False
2665,0.1,0,False,False,False,False
36,0.1,0,False,False,False,False
2660,0.1,0,False,False,False,False
2316,0.1,0,False,False,False,False
1059,0.1,0,False,False,False,False
1061,0.1,1,False,False,False,False
976,0.1,1,False,False,False,False
2729,0.1,0,False,False,False,False
840,0.1,0,False,False,False,False
894,0.1,1,False,False,False,False
2563,0.1,0,False,False,False,False
880,0.1,0,False,False,False,False
2799,0.1,0,False,False,False,False
2797,0.1,1,False,False,False,False
1532,0.1,1,False,False,False,False
2793,0.1,0,False,False,False,False
2225,0.1,1,False,False,False,False
895,0.1,1,False,False,False,False
875,0.1,1,False,False,False,False
3530,0.1,1,False,False,False,False
897,0.1,0,False,False,False,False
1154,0.1,0,False,False,False,False
1525,0.1,0,False,False,False,False
905,0.1,1,False,False,False,False
2781,0.1,1,False,False,False,False
1152,0.1,0,False,False,False,False
27,0.1,0,False,False,False,False
2807,0.1,1,False,False,False,False
2730,0.1,0,False,False,False,False
857,0.1,1,False,False,False,False
841,0.1,0,False,False,False,False
2831,0.1,1,False,False,False,False
843,0.1,0,False,False,False,False
844,0.1,1,False,False,False,False
847,0.1,0,False,False,False,False
849,0.1,1,False,False,False,False
1411,0.1,0,False,False,False,False
2560,0.1,0,False,False,False,False
873,0.1,0,False,False,False,False
863,0.1,1,False,False,False,False
2562,0.1,0,False,False,False,False
2812,0.1,1,False,False,False,False
867,0.1,0,False,False,False,False
2810,0.1,0,False,False,False,False
1541,0.1,1,False,False,False,False
2217,0.1,0,False,False,False,False
1521,0.1,0,False,False,False,False
2775,0.1,1,False,False,False,False
915,0.1,0,False,False,False,False
958,0.1,0,False,False,False,False
947,0.1,0,False,False,False,False
2249,0.1,0,False,False,False,False
950,0.1,1,False,False,False,False
2749,0.1,0,False,False,False,False
2579,0.1,1,False,False,False,False
956,0.1,1,False,False,False,False
2580,0.1,0,False,False,False,False
2744,0.1,0,False,False,False,False
56,0.1,0,False,False,False,False
960,0.1,0,False,False,False,False
2742,0.1,0,False,False,False,False
2581,0.1,0,False,False,False,False
3533,0.1,0,False,False,False,False
2735,0.1,1,False,False,False,False
30,0.1,0,False,False,False,False
1493,0.1,1,False,False,False,False
1504,0.1,0,False,False,False,False
2246,0.1,1,False,False,False,False
943,0.1,0,False,False,False,False
2756,0.1,1,False,False,False,False
1517,0.1,0,False,False,False,False
57,0.1,0,False,False,False,False
2769,0.1,0,False,False,False,False
921,0.1,1,False,False,False,False
2768,0.1,0,False,False,False,False
1514,0.1,0,False,False,False,False
925,0.1,0,False,False,False,False
927,0.1,0,False,False,False,False
928,0.1,0,False,False,False,False
2765,0.1,1,False,False,False,False
1146,0.1,0,False,False,False,False
2762,0.1,1,False,False,False,False
2761,0.1,0,False,False,False,False
935,0.1,1,False,False,False,False
939,0.1,0,False,False,False,False
2757,0.1,0,False,False,False,False
615,0.1,1,False,False,False,False
739,0.1,0,False,False,False,False
2459,0.1,1,False,False,False,False
1795,0.1,0,False,False,False,False
1287,0.1,1,False,False,False,False
1789,0.1,1,False,False,False,False
357,0.1,1,False,False,False,False
1285,0.1,0,False,False,False,False
363,0.1,1,False,False,False,False
3280,0.1,1,False,False,False,False
365,0.1,1,False,False,False,False
3274,0.1,1,False,False,False,False
390,0.1,1,False,False,False,False
2006,0.1,0,False,False,False,False
109,0.1,1,False,False,False,False
376,0.1,1,False,False,False,False
3262,0.1,1,False,False,False,False
1280,0.1,1,False,False,False,False
381,0.1,1,False,False,False,False
382,0.1,1,False,False,False,False
1775,0.1,0,False,False,False,False
3297,0.1,0,False,False,False,False
1290,0.1,0,False,False,False,False
2389,0.1,0,False,False,False,False
341,0.1,1,False,False,False,False
3329,0.1,1,False,False,False,False
1813,0.1,0,False,False,False,False
1980,0.1,0,False,False,False,False
1350,0.1,1,False,False,False,False
1810,0.1,0,False,False,False,False
306,0.1,0,False,False,False,False
308,0.1,1,False,False,False,False
1807,0.1,0,False,False,False,False
2447,0.1,0,False,False,False,False
3313,0.1,0,False,False,False,False
2391,0.1,1,False,False,False,False
1293,0.1,0,False,False,False,False
331,0.1,0,False,False,False,False
334,0.1,0,False,False,False,False
3303,0.1,0,False,False,False,False
337,0.1,1,False,False,False,False
340,0.1,0,False,False,False,False
2014,0.1,0,False,False,False,False
3245,0.1,0,False,False,False,False
1814,0.1,0,False,False,False,False
52,0.1,1,False,False,False,False
1746,0.1,0,False,False,False,False
437,0.1,1,False,False,False,False
2479,0.1,1,False,False,False,False
1368,0.1,0,False,False,False,False
3191,0.1,1,False,False,False,False
443,0.1,1,False,False,False,False
1740,0.1,0,False,False,False,False
3189,0.1,0,False,False,False,False
1369,0.1,1,False,False,False,False
1768,0.1,0,False,False,False,False
3184,0.1,0,False,False,False,False
452,0.1,0,False,False,False,False
2046,0.1,0,False,False,False,False
1735,0.1,1,False,False,False,False
456,0.1,1,False,False,False,False
2047,0.1,1,False,False,False,False
1255,0.1,1,False,False,False,False
3176,0.1,0,False,False,False,False
3205,0.1,0,False,False,False,False
431,0.1,1,False,False,False,False
430,0.1,0,False,False,False,False
46,0.1,0,False,False,False,False
3236,0.1,1,False,False,False,False
1766,0.1,1,False,False,False,False
1275,0.1,1,False,False,False,False
3229,0.1,1,False,False,False,False
2383,0.1,1,False,False,False,False
408,0.1,1,False,False,False,False
409,0.1,0,False,False,False,False
1271,0.1,0,False,False,False,False
1361,0.1,1,False,False,False,False
412,0.1,0,False,False,False,False
2382,0.1,1,False,False,False,False
2381,0.1,1,False,False,False,False
416,0.1,1,False,False,False,False
417,0.1,1,False,False,False,False
2473,0.1,1,False,False,False,False
1752,0.1,1,False,False,False,False
3211,0.1,1,False,False,False,False
3330,0.1,0,False,False,False,False
1979,0.1,0,False,False,False,False
2052,0.1,1,False,False,False,False
1871,0.1,1,False,False,False,False
1335,0.1,0,False,False,False,False
1922,0.1,0,False,False,False,False
167,0.1,0,False,False,False,False
3443,0.1,0,False,False,False,False
3442,0.1,1,False,False,False,False
3437,0.1,0,False,False,False,False
3426,0.1,1,False,False,False,False
1872,0.1,0,False,False,False,False
190,0.1,0,False,False,False,False
209,0.1,0,False,False,False,False
3421,0.1,1,False,False,False,False
1934,0.1,0,False,False,False,False
3492,0.1,0,False,False,False,False
5,0.1,0,False,False,False,False
1935,0.1,0,False,False,False,False
1337,0.1,0,False,False,False,False
3412,0.1,1,False,False,False,False
3411,0.1,0,False,False,False,False
3450,0.1,1,False,False,False,False
3454,0.1,1,False,False,False,False
1325,0.1,1,False,False,False,False
152,0.1,1,False,False,False,False
3482,0.1,0,False,False,False,False
125,0.1,0,False,False,False,False
1903,0.1,0,False,False,False,False
130,0.1,1,False,False,False,False
3475,0.1,0,False,False,False,False
3473,0.1,0,False,False,False,False
134,0.1,1,False,False,False,False
3472,0.1,1,False,False,False,False
1331,0.1,0,False,False,False,False
1900,0.1,1,False,False,False,False
142,0.1,1,False,False,False,False
1896,0.1,1,False,False,False,False
1328,0.1,0,False,False,False,False
1327,0.1,0,False,False,False,False
1915,0.1,0,False,False,False,False
3460,0.1,0,False,False,False,False
3459,0.1,1,False,False,False,False
1941,0.1,0,False,False,False,False
210,0.1,0,False,False,False,False
296,0.1,1,False,False,False,False
274,0.1,0,False,False,False,False
1836,0.1,0,False,False,False,False
3370,0.1,1,False,False,False,False
1307,0.1,0,False,False,False,False
260,0.1,1,False,False,False,False
1834,0.1,0,False,False,False,False
3366,0.1,1,False,False,False,False
3357,0.1,1,False,False,False,False
3353,0.1,0,False,False,False,False
276,0.1,1,False,False,False,False
3495,0.1,1,False,False,False,False
1824,0.1,1,False,False,False,False
283,0.1,0,False,False,False,False
1977,0.1,0,False,False,False,False
1818,0.1,1,False,False,False,False
1978,0.1,1,False,False,False,False
293,0.1,0,False,False,False,False
3336,0.1,0,False,False,False,False
3579,0.1,0,False,False,False,False
1308,0.1,0,False,False,False,False
254,0.1,0,False,False,False,False
1309,0.1,0,False,False,False,False
1839,0.1,1,False,False,False,False
213,0.1,0,False,False,False,False
214,0.1,0,False,False,False,False
215,0.1,0,False,False,False,False
216,0.1,0,False,False,False,False
1943,0.1,1,False,False,False,False
1944,0.1,1,False,False,False,False
1946,0.1,1,False,False,False,False
1947,0.1,1,False,False,False,False
3400,0.1,0,False,False,False,False
224,0.1,1,False,False,False,False
2407,0.1,0,False,False,False,False
1852,0.1,1,False,False,False,False
2430,0.1,0,False,False,False,False
3386,0.1,0,False,False,False,False
1843,0.1,0,False,False,False,False
1958,0.1,1,False,False,False,False
2436,0.1,1,False,False,False,False
3173,0.1,1,False,False,False,False
3188,0.1,1,False,False,False,False
3169,0.1,0,False,False,False,False
639,0.1,0,False,False,False,False
2114,0.1,1,False,False,False,False
624,0.1,0,False,False,False,False
2115,0.1,1,False,False,False,False
1654,0.1,0,False,False,False,False
3029,0.1,1,False,False,False,False
2117,0.1,0,False,False,False,False
2523,0.1,1,False,False,False,False
1646,0.1,0,False,False,False,False
92,0.1,0,False,False,False,False
659,0.1,0,False,False,False,False
2524,0.1,0,False,False,False,False
2356,0.1,0,False,False,False,False
3014,0.1,0,False,False,False,False
650,0.1,1,False,False,False,False
652,0.1,0,False,False,False,False
2128,0.1,0,False,False,False,False
2129,0.1,1,False,False,False,False
3005,0.1,1,False,False,False,False
1388,0.1,0,False,False,False,False
3037,0.1,1,False,False,False,False
619,0.1,1,False,False,False,False
2112,0.1,0,False,False,False,False
2504,0.1,0,False,False,False,False
2507,0.1,1,False,False,False,False
2361,0.1,0,False,False,False,False
3073,0.1,1,False,False,False,False
15,0.1,0,False,False,False,False
3069,0.1,1,False,False,False,False
3065,0.1,1,False,False,False,False
3062,0.1,0,False,False,False,False
3511,0.1,0,False,False,False,False
96,0.1,1,False,False,False,False
3513,0.1,0,False,False,False,False
1668,0.1,0,False,False,False,False
3054,0.1,0,False,False,False,False
1667,0.1,1,False,False,False,False
607,0.1,0,False,False,False,False
1385,0.1,1,False,False,False,False
2357,0.1,0,False,False,False,False
1638,0.1,0,False,False,False,False
1214,0.1,0,False,False,False,False
3084,0.1,0,False,False,False,False
3568,0.1,1,False,False,False,False
2534,0.1,1,False,False,False,False
706,0.1,1,False,False,False,False
2962,0.1,0,False,False,False,False
1618,0.1,1,False,False,False,False
2959,0.1,0,False,False,False,False
1397,0.1,1,False,False,False,False
1615,0.1,1,False,False,False,False
1199,0.1,1,False,False,False,False
718,0.1,0,False,False,False,False
662,0.1,1,False,False,False,False
720,0.1,0,False,False,False,False
721,0.1,1,False,False,False,False
724,0.1,1,False,False,False,False
2951,0.1,1,False,False,False,False
2950,0.1,0,False,False,False,False
2156,0.1,1,False,False,False,False
1196,0.1,0,False,False,False,False
1605,0.1,0,False,False,False,False
701,0.1,1,False,False,False,False
700,0.1,1,False,False,False,False
699,0.1,0,False,False,False,False
2532,0.1,0,False,False,False,False
3575,0.1,0,False,False,False,False
666,0.1,0,False,False,False,False
2997,0.1,0,False,False,False,False
2996,0.1,0,False,False,False,False
1631,0.1,0,False,False,False,False
2986,0.1,1,False,False,False,False
2136,0.1,0,False,False,False,False
1210,0.1,1,False,False,False,False
2981,0.1,0,False,False,False,False
683,0.1,0,False,False,False,False
2976,0.1,1,False,False,False,False
686,0.1,0,False,False,False,False
689,0.1,0,False,False,False,False
89,0.1,1,False,False,False,False
2531,0.1,1,False,False,False,False
694,0.1,0,False,False,False,False
2972,0.1,0,False,False,False,False
1680,0.1,0,False,False,False,False
2514,0.1,1,False,False,False,False
577,0.1,0,False,False,False,False
3133,0.1,1,False,False,False,False
504,0.1,1,False,False,False,False
507,0.1,1,False,False,False,False
1713,0.1,1,False,False,False,False
509,0.1,0,False,False,False,False
1372,0.1,1,False,False,False,False
1711,0.1,1,False,False,False,False
515,0.1,0,False,False,False,False
3085,0.1,0,False,False,False,False
2063,0.1,1,False,False,False,False
518,0.1,0,False,False,False,False
521,0.1,0,False,False,False,False
525,0.1,1,False,False,False,False
526,0.1,1,False,False,False,False
2073,0.1,0,False,False,False,False
1702,0.1,0,False,False,False,False
2074,0.1,1,False,False,False,False
2487,0.1,1,False,False,False,False
2062,0.1,0,False,False,False,False
3121,0.1,1,False,False,False,False
482,0.1,1,False,False,False,False
472,0.1,1,False,False,False,False
3167,0.1,0,False,False,False,False
3166,0.1,0,False,False,False,False
103,0.1,1,False,False,False,False
2484,0.1,1,False,False,False,False
3163,0.1,1,False,False,False,False
3162,0.1,0,False,False,False,False
1725,0.1,1,False,False,False,False
2061,0.1,1,False,False,False,False
486,0.1,1,False,False,False,False
3157,0.1,0,False,False,False,False
1724,0.1,1,False,False,False,False
489,0.1,1,False,False,False,False
12,0.1,1,False,False,False,False
495,0.1,0,False,False,False,False
1720,0.1,1,False,False,False,False
2075,0.1,0,False,False,False,False
1108,0.1,1,False,False,False,False
2495,0.1,1,False,False,False,False
3111,0.1,0,False,False,False,False
2502,0.1,1,False,False,False,False
572,0.1,0,False,False,False,False
566,0.1,0,False,False,False,False
2093,0.1,0,False,False,False,False
1685,0.1,0,False,False,False,False
1686,0.1,0,False,False,False,False
3098,0.1,0,False,False,False,False
3100,0.1,1,False,False,False,False
2086,0.1,0,False,False,False,False
551,0.1,1,False,False,False,False
3108,0.1,1,False,False,False,False
3109,0.1,0,False,False,False,False
552,0.1,0,False,False,False,False
3113,0.1,0,False,False,False,False
2080,0.1,0,False,False,False,False
3117,0.1,0,False,False,False,False
2498,0.1,1,False,False,False,False
2223,0.09999999999999998,1,False,False,False,False
3250,2.7755575615628914e-17,1,False,False,True,False
570,2.7755575615628914e-17,0,False,False,True,False
11,2.7755575615628914e-17,0,False,False,True,False
361,2.7755575615628914e-17,0,False,False,True,False
3377,2.7755575615628914e-17,1,False,False,True,False
2404,0.0,0,False,False,True,False
2372,0.0,0,False,False,True,False
2390,0.0,1,False,False,True,False
2355,0.0,1,False,False,True,False
2405,0.0,1,False,False,True,False
2311,0.0,1,False,False,True,False
2326,0.0,1,False,False,True,False
2310,0.0,0,False,False,True,False
2333,0.0,0,False,False,True,False
2328,0.0,1,False,False,True,False
2345,0.0,0,False,False,True,False
2375,0.0,0,False,False,True,False
2321,0.0,0,False,False,True,False
2373,0.0,1,False,False,True,False
3556,0.0,0,False,False,True,False
2360,0.0,1,False,False,True,False
2324,0.0,0,False,False,True,False
2362,0.0,0,False,False,True,False
2343,0.0,1,False,False,True,False
2329,0.0,0,False,False,True,False
2364,0.0,0,False,False,True,False
2388,0.0,0,False,False,True,False
2332,0.0,0,False,False,True,False
2384,0.0,1,False,False,True,False
2400,0.0,1,False,False,True,False
2396,0.0,1,False,False,True,False
2369,0.0,1,False,False,True,False
2368,0.0,0,False,False,True,False
2394,0.0,0,False,False,True,False
2334,0.0,1,False,False,True,False
2354,0.0,0,False,False,True,False
2409,0.0,0,False,False,True,False
2315,0.0,1,False,False,True,False
2331,0.0,0,False,False,True,False
2338,0.0,0,False,False,True,False
2352,0.0,1,False,False,True,False
2393,0.0,1,False,False,True,False
2320,0.0,1,False,False,True,False
2351,0.0,0,False,False,True,False
2392,0.0,0,False,False,True,False
2348,0.0,1,False,False,True,False
2379,0.0,0,False,False,True,False
3553,0.0,0,False,False,True,False
2367,0.0,1,False,False,True,False
2323,0.0,1,False,False,True,False
2408,0.0,0,False,False,True,False
3485,0.0,0,False,False,True,False
2307,0.0,0,False,False,True,False
2034,0.0,0,False,False,True,False
2057,0.0,0,False,False,True,False
2054,0.0,0,False,False,True,False
2050,0.0,1,False,False,True,False
2048,0.0,1,False,False,True,False
2045,0.0,0,False,False,True,False
2044,0.0,1,False,False,True,False
2043,0.0,0,False,False,True,False
2040,0.0,1,False,False,True,False
2037,0.0,0,False,False,True,False
2036,0.0,1,False,False,True,False
2035,0.0,1,False,False,True,False
2033,0.0,0,False,False,True,False
2064,0.0,0,False,False,True,False
2031,0.0,1,False,False,True,False
3578,0.0,1,False,False,True,False
2030,0.0,0,False,False,True,False
2027,0.0,0,False,False,True,False
2026,0.0,1,False,False,True,False
2025,0.0,0,False,False,True,False
2024,0.0,1,False,False,True,False
2022,0.0,1,False,False,True,False
2021,0.0,1,False,False,True,False
2020,0.0,0,False,False,True,False
2019,0.0,0,False,False,True,False
2060,0.0,0,False,False,True,False
2065,0.0,1,False,False,True,False
2013,0.0,0,False,False,True,False
3577,0.0,1,False,False,True,False
2109,0.0,0,False,False,True,False
2108,0.0,1,False,False,True,False
2107,0.0,1,False,False,True,False
2106,0.0,0,False,False,True,False
2105,0.0,0,False,False,True,False
2103,0.0,1,False,False,True,False
2102,0.0,1,False,False,True,False
2101,0.0,0,False,False,True,False
2098,0.0,1,False,False,True,False
3576,0.0,1,False,False,True,False
2096,0.0,1,False,False,True,False
2095,0.0,1,False,False,True,False
2067,0.0,1,False,False,True,False
2090,0.0,0,False,False,True,False
2089,0.0,1,False,False,True,False
2087,0.0,0,False,False,True,False
2085,0.0,0,False,False,True,False
2082,0.0,1,False,False,True,False
2081,0.0,0,False,False,True,False
2077,0.0,0,False,False,True,False
2072,0.0,1,False,False,True,False
2071,0.0,0,False,False,True,False
2069,0.0,1,False,False,True,False
2068,0.0,1,False,False,True,False
2017,0.0,1,False,False,True,False
2012,0.0,0,False,False,True,False
2113,0.0,0,False,False,True,False
1945,0.0,1,False,False,True,False
1963,0.0,1,False,False,True,False
1962,0.0,0,False,False,True,False
1961,0.0,0,False,False,True,False
1959,0.0,0,False,False,True,False
1957,0.0,1,False,False,True,False
1954,0.0,0,False,False,True,False
1953,0.0,0,False,False,True,False
1952,0.0,0,False,False,True,False
1950,0.0,0,False,False,True,False
1949,0.0,1,False,False,True,False
1948,0.0,1,False,False,True,False
1940,0.0,1,False,False,True,False
1966,0.0,1,False,False,True,False
1938,0.0,1,False,False,True,False
1932,0.0,1,False,False,True,False
1928,0.0,0,False,False,True,False
1921,0.0,0,False,False,True,False
1917,0.0,0,False,False,True,False
3585,0.0,0,False,False,True,False
1914,0.0,1,False,False,True,False
1912,0.0,0,False,False,True,False
1911,0.0,1,False,False,True,False
1909,0.0,1,False,False,True,False
1908,0.0,0,False,False,True,False
1964,0.0,1,False,False,True,False
1967,0.0,0,False,False,True,False
2011,0.0,0,False,False,True,False
1994,0.0,0,False,False,True,False
2009,0.0,1,False,False,True,False
2007,0.0,0,False,False,True,False
2004,0.0,0,False,False,True,False
2003,0.0,1,False,False,True,False
2002,0.0,1,False,False,True,False
2001,0.0,1,False,False,True,False
2000,0.0,1,False,False,True,False
1999,0.0,1,False,False,True,False
1998,0.0,0,False,False,True,False
1996,0.0,1,False,False,True,False
1995,0.0,1,False,False,True,False
1991,0.0,0,False,False,True,False
1968,0.0,1,False,False,True,False
1990,0.0,0,False,False,True,False
1989,0.0,0,False,False,True,False
1988,0.0,0,False,False,True,False
1987,0.0,0,False,False,True,False
1985,0.0,1,False,False,True,False
1983,0.0,1,False,False,True,False
1981,0.0,0,False,False,True,False
1976,0.0,0,False,False,True,False
1973,0.0,1,False,False,True,False
3580,0.0,0,False,False,True,False
1970,0.0,1,False,False,True,False
2111,0.0,0,False,False,True,False
2118,0.0,0,False,False,True,False
2305,0.0,1,False,False,True,False
2234,0.0,0,False,False,True,False
2252,0.0,1,False,False,True,False
2251,0.0,1,False,False,True,False
2250,0.0,0,False,False,True,False
2247,0.0,1,False,False,True,False
2245,0.0,0,False,False,True,False
2243,0.0,1,False,False,True,False
2241,0.0,0,False,False,True,False
2240,0.0,1,False,False,True,False
2239,0.0,1,False,False,True,False
2238,0.0,1,False,False,True,False
2237,0.0,0,False,False,True,False
2233,0.0,0,False,False,True,False
2254,0.0,0,False,False,True,False
2231,0.0,1,False,False,True,False
2230,0.0,1,False,False,True,False
2229,0.0,0,False,False,True,False
2227,0.0,1,False,False,True,False
2226,0.0,0,False,False,True,False
2224,0.0,1,False,False,True,False
2222,0.0,1,False,False,True,False
2221,0.0,0,False,False,True,False
2219,0.0,1,False,False,True,False
2216,0.0,0,False,False,True,False
2215,0.0,1,False,False,True,False
2253,0.0,1,False,False,True,False
2258,0.0,1,False,False,True,False
2213,0.0,1,False,False,True,False
2289,0.0,1,False,False,True,False
2304,0.0,0,False,False,True,False
2303,0.0,1,False,False,True,False
2301,0.0,1,False,False,True,False
2300,0.0,1,False,False,True,False
2299,0.0,0,False,False,True,False
2298,0.0,0,False,False,True,False
2297,0.0,1,False,False,True,False
2296,0.0,0,False,False,True,False
2293,0.0,0,False,False,True,False
2292,0.0,1,False,False,True,False
2291,0.0,0,False,False,True,False
2288,0.0,0,False,False,True,False
2262,0.0,0,False,False,True,False
2284,0.0,0,False,False,True,False
2283,0.0,0,False,False,True,False
2281,0.0,0,False,False,True,False
2276,0.0,0,False,False,True,False
2275,0.0,0,False,False,True,False
3559,0.0,0,False,False,True,False
3560,0.0,1,False,False,True,False
2269,0.0,1,False,False,True,False
2268,0.0,0,False,False,True,False
2265,0.0,1,False,False,True,False
2264,0.0,0,False,False,True,False
2214,0.0,0,False,False,True,False
2212,0.0,0,False,False,True,False
2120,0.0,0,False,False,True,False
2141,0.0,1,False,False,True,False
2159,0.0,1,False,False,True,False
2158,0.0,1,False,False,True,False
2413,0.0,1,False,False,True,False
2150,0.0,0,False,False,True,False
3569,0.0,0,False,False,True,False
2148,0.0,1,False,False,True,False
3571,0.0,1,False,False,True,False
2147,0.0,0,False,False,True,False
2146,0.0,0,False,False,True,False
3573,0.0,0,False,False,True,False
2142,0.0,1,False,False,True,False
2140,0.0,0,False,False,True,False
2164,0.0,0,False,False,True,False
2139,0.0,1,False,False,True,False
2138,0.0,0,False,False,True,False
2137,0.0,0,False,False,True,False
2134,0.0,0,False,False,True,False
3574,0.0,1,False,False,True,False
2130,0.0,0,False,False,True,False
2125,0.0,1,False,False,True,False
2124,0.0,1,False,False,True,False
2123,0.0,1,False,False,True,False
2122,0.0,0,False,False,True,False
2121,0.0,0,False,False,True,False
2160,0.0,1,False,False,True,False
2165,0.0,0,False,False,True,False
3563,0.0,1,False,False,True,False
2189,0.0,1,False,False,True,False
2211,0.0,0,False,False,True,False
2208,0.0,1,False,False,True,False
2206,0.0,1,False,False,True,False
2204,0.0,0,False,False,True,False
2202,0.0,0,False,False,True,False
2201,0.0,1,False,False,True,False
2200,0.0,0,False,False,True,False
2195,0.0,1,False,False,True,False
3566,0.0,0,False,False,True,False
3567,0.0,0,False,False,True,False
2190,0.0,1,False,False,True,False
2188,0.0,0,False,False,True,False
2167,0.0,1,False,False,True,False
2186,0.0,0,False,False,True,False
2182,0.0,0,False,False,True,False
2180,0.0,1,False,False,True,False
2179,0.0,1,False,False,True,False
2177,0.0,0,False,False,True,False
2176,0.0,1,False,False,True,False
2175,0.0,0,False,False,True,False
2174,0.0,0,False,False,True,False
2173,0.0,0,False,False,True,False
2170,0.0,0,False,False,True,False
2168,0.0,0,False,False,True,False
2154,0.0,1,False,False,True,False
2701,0.0,1,False,False,True,False
2414,0.0,1,False,False,True,False
3147,0.0,0,False,False,True,False
3140,0.0,0,False,False,True,False
3507,0.0,1,False,False,True,False
3141,0.0,0,False,False,True,False
3144,0.0,0,False,False,True,False
3145,0.0,1,False,False,True,False
3146,0.0,0,False,False,True,False
3506,0.0,0,False,False,True,False
3137,0.0,0,False,False,True,False
3150,0.0,1,False,False,True,False
3151,0.0,0,False,False,True,False
3152,0.0,1,False,False,True,False
3154,0.0,0,False,False,True,False
3155,0.0,1,False,False,True,False
3160,0.0,1,False,False,True,False
3138,0.0,1,False,False,True,False
3136,0.0,1,False,False,True,False
3168,0.0,1,False,False,True,False
3124,0.0,1,False,False,True,False
3112,0.0,0,False,False,True,False
3115,0.0,1,False,False,True,False
3116,0.0,1,False,False,True,False
3118,0.0,0,False,False,True,False
3120,0.0,1,False,False,True,False
3122,0.0,0,False,False,True,False
3125,0.0,1,False,False,True,False
3135,0.0,0,False,False,True,False
3126,0.0,1,False,False,True,False
3127,0.0,0,False,False,True,False
3129,0.0,1,False,False,True,False
3130,0.0,0,False,False,True,False
3132,0.0,0,False,False,True,False
3134,0.0,1,False,False,True,False
3165,0.0,0,False,False,True,False
3170,0.0,0,False,False,True,False
3107,0.0,1,False,False,True,False
3216,0.0,0,False,False,True,False
3207,0.0,0,False,False,True,False
3210,0.0,0,False,False,True,False
3212,0.0,0,False,False,True,False
3213,0.0,1,False,False,True,False
3214,0.0,1,False,False,True,False
3215,0.0,0,False,False,True,False
3217,0.0,0,False,False,True,False
3200,0.0,1,False,False,True,False
3219,0.0,1,False,False,True,False
3221,0.0,0,False,False,True,False
3223,0.0,0,False,False,True,False
3224,0.0,1,False,False,True,False
3225,0.0,0,False,False,True,False
3227,0.0,0,False,False,True,False
3204,0.0,0,False,False,True,False
3199,0.0,1,False,False,True,False
3505,0.0,0,False,False,True,False
3182,0.0,0,False,False,True,False
3174,0.0,1,False,False,True,False
3175,0.0,0,False,False,True,False
3177,0.0,0,False,False,True,False
3178,0.0,0,False,False,True,False
3180,0.0,1,False,False,True,False
3181,0.0,0,False,False,True,False
3185,0.0,1,False,False,True,False
3197,0.0,1,False,False,True,False
3186,0.0,1,False,False,True,False
3187,0.0,1,False,False,True,False
3190,0.0,0,False,False,True,False
3504,0.0,1,False,False,True,False
3192,0.0,0,False,False,True,False
3193,0.0,1,False,False,True,False
3110,0.0,1,False,False,True,False
3106,0.0,0,False,False,True,False
2415,0.0,0,False,False,True,False
3020,0.0,0,False,False,True,False
3008,0.0,0,False,False,True,False
3009,0.0,1,False,False,True,False
3012,0.0,1,False,False,True,False
3017,0.0,0,False,False,True,False
3516,0.0,0,False,False,True,False
3019,0.0,1,False,False,True,False
3022,0.0,1,False,False,True,False
3004,0.0,0,False,False,True,False
3023,0.0,0,False,False,True,False
3024,0.0,1,False,False,True,False
3025,0.0,0,False,False,True,False
3027,0.0,0,False,False,True,False
3028,0.0,1,False,False,True,False
3030,0.0,1,False,False,True,False
3006,0.0,0,False,False,True,False
3002,0.0,0,False,False,True,False
3032,0.0,0,False,False,True,False
2984,0.0,0,False,False,True,False
2971,0.0,1,False,False,True,False
2973,0.0,1,False,False,True,False
2974,0.0,1,False,False,True,False
2975,0.0,1,False,False,True,False
2977,0.0,1,False,False,True,False
2982,0.0,0,False,False,True,False
2985,0.0,0,False,False,True,False
3001,0.0,0,False,False,True,False
2987,0.0,1,False,False,True,False
2992,0.0,0,False,False,True,False
2993,0.0,0,False,False,True,False
3517,0.0,0,False,False,True,False
2999,0.0,1,False,False,True,False
3000,0.0,0,False,False,True,False
3031,0.0,1,False,False,True,False
3035,0.0,1,False,False,True,False
3104,0.0,1,False,False,True,False
3088,0.0,0,False,False,True,False
3074,0.0,0,False,False,True,False
3075,0.0,1,False,False,True,False
3076,0.0,0,False,False,True,False
3078,0.0,0,False,False,True,False
3080,0.0,1,False,False,True,False
3086,0.0,0,False,False,True,False
3092,0.0,0,False,False,True,False
3067,0.0,0,False,False,True,False
3093,0.0,1,False,False,True,False
3094,0.0,0,False,False,True,False
3095,0.0,0,False,False,True,False
3097,0.0,1,False,False,True,False
3099,0.0,0,False,False,True,False
3102,0.0,1,False,False,True,False
3071,0.0,1,False,False,True,False
3066,0.0,1,False,False,True,False
3515,0.0,0,False,False,True,False
3049,0.0,1,False,False,True,False
3041,0.0,0,False,False,True,False
3043,0.0,0,False,False,True,False
3045,0.0,0,False,False,True,False
3046,0.0,0,False,False,True,False
3047,0.0,1,False,False,True,False
3048,0.0,1,False,False,True,False
3050,0.0,0,False,False,True,False
3064,0.0,1,False,False,True,False
3051,0.0,0,False,False,True,False
3053,0.0,1,False,False,True,False
3055,0.0,0,False,False,True,False
3056,0.0,0,False,False,True,False
3059,0.0,1,False,False,True,False
3063,0.0,1,False,False,True,False
3230,0.0,0,False,False,True,False
3231,0.0,0,False,False,True,False
3502,0.0,1,False,False,True,False
3408,0.0,1,False,False,True,False
3399,0.0,1,False,False,True,False
3401,0.0,0,False,False,True,False
3402,0.0,1,False,False,True,False
3403,0.0,1,False,False,True,False
3405,0.0,1,False,False,True,False
3406,0.0,0,False,False,True,False
3409,0.0,0,False,False,True,False
3396,0.0,0,False,False,True,False
3410,0.0,1,False,False,True,False
3413,0.0,0,False,False,True,False
3414,0.0,0,False,False,True,False
3415,0.0,1,False,False,True,False
3493,0.0,1,False,False,True,False
3417,0.0,1,False,False,True,False
3398,0.0,0,False,False,True,False
3395,0.0,1,False,False,True,False
3488,0.0,1,False,False,True,False
3382,0.0,0,False,False,True,False
3373,0.0,0,False,False,True,False
3374,0.0,0,False,False,True,False
3376,0.0,0,False,False,True,False
3378,0.0,1,False,False,True,False
3379,0.0,0,False,False,True,False
3380,0.0,1,False,False,True,False
3383,0.0,0,False,False,True,False
3394,0.0,0,False,False,True,False
3384,0.0,0,False,False,True,False
3387,0.0,0,False,False,True,False
3388,0.0,1,False,False,True,False
3389,0.0,0,False,False,True,False
3391,0.0,1,False,False,True,False
3392,0.0,1,False,False,True,False
3419,0.0,1,False,False,True,False
3422,0.0,0,False,False,True,False
3233,0.0,0,False,False,True,False
3467,0.0,1,False,False,True,False
3461,0.0,1,False,False,True,False
3462,0.0,1,False,False,True,False
3486,0.0,1,False,False,True,False
3463,0.0,1,False,False,True,False
3464,0.0,1,False,False,True,False
3465,0.0,1,False,False,True,False
3468,0.0,0,False,False,True,False
3457,0.0,0,False,False,True,False
3469,0.0,1,False,False,True,False
3470,0.0,1,False,False,True,False
3471,0.0,0,False,False,True,False
3477,0.0,0,False,False,True,False
3479,0.0,0,False,False,True,False
3481,0.0,0,False,False,True,False
3458,0.0,1,False,False,True,False
3455,0.0,1,False,False,True,False
3487,0.0,1,False,False,True,False
3433,0.0,1,False,False,True,False
3423,0.0,0,False,False,True,False
3424,0.0,0,False,False,True,False
3425,0.0,1,False,False,True,False
3429,0.0,1,False,False,True,False
3431,0.0,0,False,False,True,False
3432,0.0,0,False,False,True,False
3435,0.0,1,False,False,True,False
3453,0.0,0,False,False,True,False
3436,0.0,0,False,False,True,False
3438,0.0,0,False,False,True,False
3446,0.0,1,False,False,True,False
3447,0.0,0,False,False,True,False
3448,0.0,1,False,False,True,False
3449,0.0,1,False,False,True,False
3372,0.0,0,False,False,True,False
3369,0.0,0,False,False,True,False
3368,0.0,1,False,False,True,False
3286,0.0,0,False,False,True,False
3276,0.0,1,False,False,True,False
3279,0.0,0,False,False,True,False
3281,0.0,0,False,False,True,False
3282,0.0,0,False,False,True,False
3283,0.0,1,False,False,True,False
3285,0.0,1,False,False,True,False
3288,0.0,0,False,False,True,False
3270,0.0,1,False,False,True,False
3289,0.0,0,False,False,True,False
3290,0.0,0,False,False,True,False
3291,0.0,1,False,False,True,False
3294,0.0,0,False,False,True,False
3299,0.0,0,False,False,True,False
3300,0.0,0,False,False,True,False
3275,0.0,0,False,False,True,False
3269,0.0,0,False,False,True,False
3367,0.0,1,False,False,True,False
3248,0.0,1,False,False,True,False
3234,0.0,1,False,False,True,False
3235,0.0,1,False,False,True,False
3239,0.0,0,False,False,True,False
3241,0.0,1,False,False,True,False
3243,0.0,0,False,False,True,False
3246,0.0,0,False,False,True,False
3501,0.0,1,False,False,True,False
3264,0.0,1,False,False,True,False
3251,0.0,0,False,False,True,False
3257,0.0,0,False,False,True,False
3258,0.0,0,False,False,True,False
3259,0.0,0,False,False,True,False
3261,0.0,0,False,False,True,False
3263,0.0,1,False,False,True,False
3302,0.0,0,False,False,True,False
3305,0.0,0,False,False,True,False
3306,0.0,1,False,False,True,False
3351,0.0,1,False,False,True,False
3339,0.0,1,False,False,True,False
3340,0.0,1,False,False,True,False
3345,0.0,0,False,False,True,False
3347,0.0,1,False,False,True,False
3348,0.0,1,False,False,True,False
3350,0.0,0,False,False,True,False
3352,0.0,0,False,False,True,False
3307,0.0,0,False,False,True,False
3355,0.0,0,False,False,True,False
3360,0.0,0,False,False,True,False
3361,0.0,1,False,False,True,False
3364,0.0,0,False,False,True,False
3365,0.0,1,False,False,True,False
3496,0.0,1,False,False,True,False
3338,0.0,1,False,False,True,False
3337,0.0,0,False,False,True,False
3334,0.0,1,False,False,True,False
3333,0.0,0,False,False,True,False
3332,0.0,1,False,False,True,False
3328,0.0,0,False,False,True,False
3327,0.0,1,False,False,True,False
3326,0.0,0,False,False,True,False
3325,0.0,1,False,False,True,False
3323,0.0,1,False,False,True,False
3497,0.0,0,False,False,True,False
3319,0.0,0,False,False,True,False
3317,0.0,1,False,False,True,False
3314,0.0,0,False,False,True,False
3500,0.0,1,False,False,True,False
3311,0.0,0,False,False,True,False
3310,0.0,1,False,False,True,False
2968,0.0,0,False,False,True,False
2965,0.0,0,False,False,True,False
3520,0.0,1,False,False,True,False
2597,0.0,1,False,False,True,False
2588,0.0,1,False,False,True,False
3542,0.0,0,False,False,True,False
2591,0.0,0,False,False,True,False
2592,0.0,0,False,False,True,False
2593,0.0,1,False,False,True,False
2594,0.0,0,False,False,True,False
2599,0.0,1,False,False,True,False
2583,0.0,0,False,False,True,False
3541,0.0,1,False,False,True,False
2600,0.0,1,False,False,True,False
2602,0.0,0,False,False,True,False
2603,0.0,1,False,False,True,False
2604,0.0,1,False,False,True,False
2606,0.0,0,False,False,True,False
2584,0.0,1,False,False,True,False
2578,0.0,0,False,False,True,False
2610,0.0,1,False,False,True,False
2564,0.0,1,False,False,True,False
2551,0.0,0,False,False,True,False
2554,0.0,0,False,False,True,False
2556,0.0,0,False,False,True,False
2557,0.0,1,False,False,True,False
2559,0.0,1,False,False,True,False
2561,0.0,0,False,False,True,False
2565,0.0,1,False,False,True,False
2577,0.0,0,False,False,True,False
2566,0.0,1,False,False,True,False
2568,0.0,1,False,False,True,False
2570,0.0,1,False,False,True,False
2573,0.0,1,False,False,True,False
2575,0.0,1,False,False,True,False
2576,0.0,1,False,False,True,False
2608,0.0,1,False,False,True,False
3540,0.0,0,False,False,True,False
2699,0.0,1,False,False,True,False
2677,0.0,1,False,False,True,False
2655,0.0,1,False,False,True,False
2656,0.0,0,False,False,True,False
2662,0.0,1,False,False,True,False
2670,0.0,1,False,False,True,False
2672,0.0,0,False,False,True,False
2675,0.0,1,False,False,True,False
2680,0.0,1,False,False,True,False
2647,0.0,1,False,False,True,False
2682,0.0,0,False,False,True,False
2683,0.0,0,False,False,True,False
2688,0.0,1,False,False,True,False
2693,0.0,1,False,False,True,False
2694,0.0,1,False,False,True,False
2696,0.0,0,False,False,True,False
2650,0.0,1,False,False,True,False
3537,0.0,0,False,False,True,False
2614,0.0,1,False,False,True,False
2628,0.0,0,False,False,True,False
2615,0.0,0,False,False,True,False
3539,0.0,0,False,False,True,False
2618,0.0,0,False,False,True,False
2621,0.0,1,False,False,True,False
2625,0.0,1,False,False,True,False
2626,0.0,1,False,False,True,False
2629,0.0,1,False,False,True,False
2646,0.0,0,False,False,True,False
2634,0.0,1,False,False,True,False
2635,0.0,0,False,False,True,False
2639,0.0,0,False,False,True,False
2641,0.0,0,False,False,True,False
2643,0.0,0,False,False,True,False
2644,0.0,0,False,False,True,False
2549,0.0,1,False,False,True,False
2548,0.0,1,False,False,True,False
2547,0.0,0,False,False,True,False
2467,0.0,1,False,False,True,False
2453,0.0,1,False,False,True,False
2454,0.0,1,False,False,True,False
3550,0.0,1,False,False,True,False
2464,0.0,1,False,False,True,False
3548,0.0,0,False,False,True,False
2465,0.0,1,False,False,True,False
2468,0.0,0,False,False,True,False
2450,0.0,1,False,False,True,False
2470,0.0,1,False,False,True,False
2471,0.0,0,False,False,True,False
2476,0.0,0,False,False,True,False
2477,0.0,0,False,False,True,False
2478,0.0,1,False,False,True,False
2480,0.0,1,False,False,True,False
2451,0.0,0,False,False,True,False
2449,0.0,1,False,False,True,False
2546,0.0,1,False,False,True,False
2432,0.0,1,False,False,True,False
2418,0.0,0,False,False,True,False
2420,0.0,0,False,False,True,False
3551,0.0,1,False,False,True,False
2423,0.0,1,False,False,True,False
2424,0.0,0,False,False,True,False
2431,0.0,1,False,False,True,False
2433,0.0,0,False,False,True,False
2446,0.0,0,False,False,True,False
2438,0.0,0,False,False,True,False
2439,0.0,0,False,False,True,False
2440,0.0,0,False,False,True,False
2442,0.0,1,False,False,True,False
2443,0.0,0,False,False,True,False
2444,0.0,1,False,False,True,False
2481,0.0,0,False,False,True,False
2482,0.0,0,False,False,True,False
2483,0.0,1,False,False,True,False
2529,0.0,0,False,False,True,False
2522,0.0,1,False,False,True,False
2525,0.0,0,False,False,True,False
2526,0.0,1,False,False,True,False
2527,0.0,0,False,False,True,False
3546,0.0,1,False,False,True,False
3545,0.0,1,False,False,True,False
2535,0.0,0,False,False,True,False
2485,0.0,1,False,False,True,False
2537,0.0,0,False,False,True,False
2538,0.0,1,False,False,True,False
2542,0.0,0,False,False,True,False
3544,0.0,1,False,False,True,False
2543,0.0,0,False,False,True,False
2545,0.0,0,False,False,True,False
2520,0.0,0,False,False,True,False
2519,0.0,1,False,False,True,False
2518,0.0,1,False,False,True,False
2515,0.0,1,False,False,True,False
2513,0.0,1,False,False,True,False
2510,0.0,0,False,False,True,False
2509,0.0,1,False,False,True,False
2508,0.0,0,False,False,True,False
2503,0.0,1,False,False,True,False
2501,0.0,1,False,False,True,False
2500,0.0,0,False,False,True,False
2499,0.0,1,False,False,True,False
2497,0.0,0,False,False,True,False
2492,0.0,0,False,False,True,False
2490,0.0,1,False,False,True,False
2489,0.0,0,False,False,True,False
3547,0.0,1,False,False,True,False
2698,0.0,1,False,False,True,False
3483,0.0,1,False,False,True,False
2961,0.0,0,False,False,True,False
2871,0.0,1,False,False,True,False
2862,0.0,0,False,False,True,False
2863,0.0,0,False,False,True,False
2864,0.0,0,False,False,True,False
2865,0.0,0,False,False,True,False
2867,0.0,1,False,False,True,False
2868,0.0,1,False,False,True,False
2874,0.0,1,False,False,True,False
2860,0.0,1,False,False,True,False
2879,0.0,0,False,False,True,False
2881,0.0,0,False,False,True,False
2883,0.0,0,False,False,True,False
2884,0.0,1,False,False,True,False
2886,0.0,0,False,False,True,False
2890,0.0,1,False,False,True,False
2861,0.0,0,False,False,True,False
2859,0.0,0,False,False,True,False
2894,0.0,0,False,False,True,False
2847,0.0,0,False,False,True,False
2839,0.0,0,False,False,True,False
2841,0.0,1,False,False,True,False
2842,0.0,0,False,False,True,False
2843,0.0,1,False,False,True,False
2845,0.0,1,False,False,True,False
2846,0.0,0,False,False,True,False
2849,0.0,1,False,False,True,False
2858,0.0,0,False,False,True,False
2851,0.0,1,False,False,True,False
2852,0.0,1,False,False,True,False
2853,0.0,0,False,False,True,False
2855,0.0,0,False,False,True,False
2856,0.0,1,False,False,True,False
2857,0.0,1,False,False,True,False
2891,0.0,1,False,False,True,False
2897,0.0,1,False,False,True,False
2703,0.0,1,False,False,True,False
3525,0.0,1,False,False,True,False
3526,0.0,1,False,False,True,False
2935,0.0,0,False,False,True,False
2938,0.0,1,False,False,True,False
2940,0.0,0,False,False,True,False
2943,0.0,1,False,False,True,False
2945,0.0,0,False,False,True,False
2948,0.0,1,False,False,True,False
2930,0.0,0,False,False,True,False
2953,0.0,0,False,False,True,False
2954,0.0,1,False,False,True,False
2955,0.0,1,False,False,True,False
2956,0.0,0,False,False,True,False
2958,0.0,0,False,False,True,False
2960,0.0,0,False,False,True,False
2931,0.0,0,False,False,True,False
3528,0.0,0,False,False,True,False
2898,0.0,0,False,False,True,False
2911,0.0,0,False,False,True,False
2900,0.0,1,False,False,True,False
2901,0.0,0,False,False,True,False
2902,0.0,0,False,False,True,False
2904,0.0,0,False,False,True,False
2906,0.0,1,False,False,True,False
2907,0.0,0,False,False,True,False
2912,0.0,1,False,False,True,False
2927,0.0,0,False,False,True,False
2913,0.0,1,False,False,True,False
2915,0.0,0,False,False,True,False
2917,0.0,1,False,False,True,False
2920,0.0,0,False,False,True,False
2925,0.0,0,False,False,True,False
2926,0.0,1,False,False,True,False
2829,0.0,0,False,False,True,False
2827,0.0,1,False,False,True,False
2825,0.0,1,False,False,True,False
2750,0.0,0,False,False,True,False
2745,0.0,1,False,False,True,False
2746,0.0,0,False,False,True,False
2747,0.0,1,False,False,True,False
1906,0.0,1,False,False,True,False
2748,0.0,0,False,False,True,False
3532,0.0,0,False,False,True,False
2751,0.0,1,False,False,True,False
2736,0.0,0,False,False,True,False
2752,0.0,1,False,False,True,False
2753,0.0,0,False,False,True,False
2754,0.0,0,False,False,True,False
2755,0.0,0,False,False,True,False
2758,0.0,1,False,False,True,False
2759,0.0,1,False,False,True,False
2741,0.0,0,False,False,True,False
2734,0.0,0,False,False,True,False
2818,0.0,0,False,False,True,False
2718,0.0,0,False,False,True,False
2704,0.0,0,False,False,True,False
2707,0.0,0,False,False,True,False
2709,0.0,1,False,False,True,False
2710,0.0,1,False,False,True,False
2715,0.0,1,False,False,True,False
2717,0.0,1,False,False,True,False
2719,0.0,1,False,False,True,False
2733,0.0,1,False,False,True,False
2720,0.0,0,False,False,True,False
3534,0.0,1,False,False,True,False
2721,0.0,0,False,False,True,False
2722,0.0,0,False,False,True,False
2724,0.0,1,False,False,True,False
2728,0.0,0,False,False,True,False
2763,0.0,1,False,False,True,False
2764,0.0,0,False,False,True,False
2766,0.0,1,False,False,True,False
2805,0.0,0,False,False,True,False
2794,0.0,0,False,False,True,False
2795,0.0,1,False,False,True,False
2800,0.0,0,False,False,True,False
2801,0.0,1,False,False,True,False
2802,0.0,1,False,False,True,False
2804,0.0,1,False,False,True,False
2806,0.0,0,False,False,True,False
2767,0.0,0,False,False,True,False
2808,0.0,1,False,False,True,False
2809,0.0,1,False,False,True,False
2813,0.0,1,False,False,True,False
2814,0.0,1,False,False,True,False
2815,0.0,0,False,False,True,False
2817,0.0,0,False,False,True,False
2792,0.0,0,False,False,True,False
2790,0.0,0,False,False,True,False
2789,0.0,1,False,False,True,False
2788,0.0,1,False,False,True,False
3531,0.0,0,False,False,True,False
2786,0.0,0,False,False,True,False
2784,0.0,0,False,False,True,False
2783,0.0,0,False,False,True,False
2780,0.0,1,False,False,True,False
2779,0.0,0,False,False,True,False
2778,0.0,0,False,False,True,False
2777,0.0,0,False,False,True,False
2776,0.0,0,False,False,True,False
2773,0.0,0,False,False,True,False
2772,0.0,0,False,False,True,False
2771,0.0,0,False,False,True,False
2770,0.0,0,False,False,True,False
1907,0.0,1,False,False,True,False
0,0.0,0,False,False,True,False
352,0.0,1,False,False,True,False
1135,0.0,1,False,False,True,False
1133,0.0,0,False,False,True,False
432,0.0,0,False,False,True,False
434,0.0,0,False,False,True,False
1132,0.0,0,False,False,True,False
1130,0.0,1,False,False,True,False
1128,0.0,0,False,False,True,False
1126,0.0,0,False,False,True,False
1125,0.0,0,False,False,True,False
1124,0.0,0,False,False,True,False
1122,0.0,0,False,False,True,False
1121,0.0,1,False,False,True,False
1120,0.0,0,False,False,True,False
1119,0.0,1,False,False,True,False
1116,0.0,0,False,False,True,False
436,0.0,1,False,False,True,False
1113,0.0,0,False,False,True,False
1112,0.0,1,False,False,True,False
438,0.0,0,False,False,True,False
1110,0.0,1,False,False,True,False
1109,0.0,1,False,False,True,False
1107,0.0,1,False,False,True,False
439,0.0,0,False,False,True,False
1106,0.0,1,False,False,True,False
1105,0.0,0,False,False,True,False
1103,0.0,0,False,False,True,False
1101,0.0,0,False,False,True,False
1099,0.0,0,False,False,True,False
1134,0.0,0,False,False,True,False
427,0.0,1,False,False,True,False
441,0.0,0,False,False,True,False
1139,0.0,0,False,False,True,False
411,0.0,0,False,False,True,False
413,0.0,0,False,False,True,False
1176,0.0,1,False,False,True,False
414,0.0,1,False,False,True,False
415,0.0,0,False,False,True,False
1174,0.0,0,False,False,True,False
1173,0.0,1,False,False,True,False
1172,0.0,0,False,False,True,False
1169,0.0,1,False,False,True,False
1167,0.0,0,False,False,True,False
418,0.0,0,False,False,True,False
1162,0.0,0,False,False,True,False
422,0.0,1,False,False,True,False
1160,0.0,0,False,False,True,False
1159,0.0,0,False,False,True,False
423,0.0,1,False,False,True,False
424,0.0,0,False,False,True,False
1153,0.0,0,False,False,True,False
1151,0.0,1,False,False,True,False
1150,0.0,0,False,False,True,False
1148,0.0,0,False,False,True,False
1147,0.0,1,False,False,True,False
1145,0.0,0,False,False,True,False
1144,0.0,0,False,False,True,False
1143,0.0,0,False,False,True,False
426,0.0,0,False,False,True,False
1140,0.0,0,False,False,True,False
440,0.0,0,False,False,True,False
442,0.0,0,False,False,True,False
315,0.0,0,False,False,True,False
1058,0.0,0,False,False,True,False
470,0.0,1,False,False,True,False
473,0.0,1,False,False,True,False
475,0.0,1,False,False,True,False
477,0.0,1,False,False,True,False
1054,0.0,1,False,False,True,False
481,0.0,0,False,False,True,False
483,0.0,1,False,False,True,False
485,0.0,0,False,False,True,False
1052,0.0,0,False,False,True,False
487,0.0,0,False,False,True,False
1049,0.0,1,False,False,True,False
1048,0.0,0,False,False,True,False
488,0.0,1,False,False,True,False
492,0.0,0,False,False,True,False
1047,0.0,0,False,False,True,False
1046,0.0,0,False,False,True,False
1044,0.0,1,False,False,True,False
1043,0.0,0,False,False,True,False
493,0.0,1,False,False,True,False
496,0.0,0,False,False,True,False
1038,0.0,0,False,False,True,False
497,0.0,1,False,False,True,False
1037,0.0,0,False,False,True,False
498,0.0,0,False,False,True,False
1035,0.0,1,False,False,True,False
1034,0.0,0,False,False,True,False
500,0.0,0,False,False,True,False
469,0.0,1,False,False,True,False
467,0.0,0,False,False,True,False
445,0.0,0,False,False,True,False
464,0.0,1,False,False,True,False
447,0.0,0,False,False,True,False
448,0.0,0,False,False,True,False
449,0.0,0,False,False,True,False
1093,0.0,0,False,False,True,False
1092,0.0,0,False,False,True,False
1091,0.0,0,False,False,True,False
450,0.0,0,False,False,True,False
451,0.0,1,False,False,True,False
1089,0.0,0,False,False,True,False
453,0.0,1,False,False,True,False
1088,0.0,0,False,False,True,False
1087,0.0,1,False,False,True,False
454,0.0,0,False,False,True,False
1086,0.0,1,False,False,True,False
1085,0.0,1,False,False,True,False
460,0.0,0,False,False,True,False
1083,0.0,0,False,False,True,False
1082,0.0,0,False,False,True,False
1080,0.0,1,False,False,True,False
1077,0.0,0,False,False,True,False
462,0.0,1,False,False,True,False
463,0.0,1,False,False,True,False
1074,0.0,0,False,False,True,False
1068,0.0,1,False,False,True,False
1067,0.0,0,False,False,True,False
1065,0.0,0,False,False,True,False
1063,0.0,1,False,False,True,False
1180,0.0,1,False,False,True,False
1181,0.0,0,False,False,True,False
1184,0.0,0,False,False,True,False
1310,0.0,1,False,False,True,False
1304,0.0,0,False,False,True,False
1303,0.0,1,False,False,True,False
1302,0.0,0,False,False,True,False
1300,0.0,0,False,False,True,False
353,0.0,1,False,False,True,False
1299,0.0,0,False,False,True,False
1297,0.0,0,False,False,True,False
354,0.0,0,False,False,True,False
1295,0.0,0,False,False,True,False
1294,0.0,1,False,False,True,False
1292,0.0,0,False,False,True,False
1291,0.0,1,False,False,True,False
1289,0.0,0,False,False,True,False
360,0.0,1,False,False,True,False
364,0.0,0,False,False,True,False
1288,0.0,1,False,False,True,False
366,0.0,0,False,False,True,False
1284,0.0,1,False,False,True,False
1282,0.0,0,False,False,True,False
1277,0.0,0,False,False,True,False
1274,0.0,1,False,False,True,False
1273,0.0,1,False,False,True,False
1272,0.0,1,False,False,True,False
1270,0.0,0,False,False,True,False
1269,0.0,0,False,False,True,False
1268,0.0,0,False,False,True,False
1267,0.0,1,False,False,True,False
349,0.0,0,False,False,True,False
348,0.0,0,False,False,True,False
1185,0.0,1,False,False,True,False
1311,0.0,1,False,False,True,False
321,0.0,1,False,False,True,False
322,0.0,1,False,False,True,False
1341,0.0,1,False,False,True,False
1340,0.0,1,False,False,True,False
1339,0.0,0,False,False,True,False
324,0.0,1,False,False,True,False
326,0.0,0,False,False,True,False
327,0.0,1,False,False,True,False
1334,0.0,0,False,False,True,False
1333,0.0,1,False,False,True,False
1326,0.0,0,False,False,True,False
1324,0.0,1,False,False,True,False
329,0.0,0,False,False,True,False
335,0.0,0,False,False,True,False
1323,0.0,1,False,False,True,False
1321,0.0,1,False,False,True,False
339,0.0,1,False,False,True,False
342,0.0,1,False,False,True,False
1319,0.0,1,False,False,True,False
1318,0.0,1,False,False,True,False
344,0.0,0,False,False,True,False
346,0.0,0,False,False,True,False
1316,0.0,1,False,False,True,False
1315,0.0,1,False,False,True,False
1314,0.0,1,False,False,True,False
1313,0.0,1,False,False,True,False
1312,0.0,0,False,False,True,False
1266,0.0,1,False,False,True,False
370,0.0,1,False,False,True,False
1265,0.0,1,False,False,True,False
1263,0.0,0,False,False,True,False
395,0.0,1,False,False,True,False
396,0.0,0,False,False,True,False
1229,0.0,0,False,False,True,False
397,0.0,0,False,False,True,False
1226,0.0,1,False,False,True,False
1225,0.0,1,False,False,True,False
1223,0.0,0,False,False,True,False
1222,0.0,1,False,False,True,False
1220,0.0,1,False,False,True,False
400,0.0,1,False,False,True,False
1217,0.0,1,False,False,True,False
1216,0.0,1,False,False,True,False
1212,0.0,1,False,False,True,False
403,0.0,0,False,False,True,False
1207,0.0,1,False,False,True,False
405,0.0,0,False,False,True,False
1206,0.0,1,False,False,True,False
1204,0.0,0,False,False,True,False
1202,0.0,1,False,False,True,False
1201,0.0,1,False,False,True,False
1200,0.0,1,False,False,True,False
410,0.0,1,False,False,True,False
1197,0.0,0,False,False,True,False
1195,0.0,1,False,False,True,False
1194,0.0,1,False,False,True,False
1191,0.0,1,False,False,True,False
1186,0.0,1,False,False,True,False
394,0.0,1,False,False,True,False
1231,0.0,1,False,False,True,False
393,0.0,1,False,False,True,False
378,0.0,0,False,False,True,False
1262,0.0,0,False,False,True,False
1261,0.0,1,False,False,True,False
1260,0.0,1,False,False,True,False
371,0.0,1,False,False,True,False
1257,0.0,0,False,False,True,False
1253,0.0,0,False,False,True,False
1252,0.0,0,False,False,True,False
373,0.0,1,False,False,True,False
1250,0.0,0,False,False,True,False
374,0.0,1,False,False,True,False
375,0.0,1,False,False,True,False
377,0.0,0,False,False,True,False
379,0.0,1,False,False,True,False
1233,0.0,1,False,False,True,False
383,0.0,1,False,False,True,False
1244,0.0,0,False,False,True,False
1243,0.0,0,False,False,True,False
385,0.0,1,False,False,True,False
1241,0.0,0,False,False,True,False
1240,0.0,0,False,False,True,False
1239,0.0,1,False,False,True,False
386,0.0,0,False,False,True,False
1236,0.0,1,False,False,True,False
1235,0.0,1,False,False,True,False
389,0.0,1,False,False,True,False
392,0.0,1,False,False,True,False
1032,0.0,0,False,False,True,False
501,0.0,0,False,False,True,False
502,0.0,0,False,False,True,False
802,0.0,1,False,False,True,False
614,0.0,0,False,False,True,False
616,0.0,0,False,False,True,False
799,0.0,0,False,False,True,False
617,0.0,0,False,False,True,False
798,0.0,1,False,False,True,False
797,0.0,1,False,False,True,False
618,0.0,0,False,False,True,False
620,0.0,0,False,False,True,False
792,0.0,0,False,False,True,False
622,0.0,1,False,False,True,False
791,0.0,0,False,False,True,False
625,0.0,1,False,False,True,False
790,0.0,1,False,False,True,False
789,0.0,0,False,False,True,False
788,0.0,0,False,False,True,False
787,0.0,1,False,False,True,False
785,0.0,0,False,False,True,False
784,0.0,1,False,False,True,False
783,0.0,0,False,False,True,False
782,0.0,1,False,False,True,False
627,0.0,1,False,False,True,False
628,0.0,0,False,False,True,False
778,0.0,0,False,False,True,False
776,0.0,1,False,False,True,False
775,0.0,1,False,False,True,False
631,0.0,0,False,False,True,False
771,0.0,0,False,False,True,False
801,0.0,1,False,False,True,False
803,0.0,0,False,False,True,False
851,0.0,1,False,False,True,False
804,0.0,1,False,False,True,False
587,0.0,1,False,False,True,False
845,0.0,1,False,False,True,False
588,0.0,0,False,False,True,False
842,0.0,0,False,False,True,False
589,0.0,1,False,False,True,False
835,0.0,1,False,False,True,False
592,0.0,0,False,False,True,False
832,0.0,0,False,False,True,False
594,0.0,0,False,False,True,False
595,0.0,0,False,False,True,False
596,0.0,0,False,False,True,False
827,0.0,0,False,False,True,False
826,0.0,0,False,False,True,False
825,0.0,1,False,False,True,False
824,0.0,0,False,False,True,False
597,0.0,1,False,False,True,False
823,0.0,1,False,False,True,False
819,0.0,0,False,False,True,False
818,0.0,0,False,False,True,False
604,0.0,0,False,False,True,False
816,0.0,1,False,False,True,False
815,0.0,0,False,False,True,False
813,0.0,0,False,False,True,False
811,0.0,1,False,False,True,False
606,0.0,1,False,False,True,False
610,0.0,0,False,False,True,False
611,0.0,1,False,False,True,False
770,0.0,0,False,False,True,False
769,0.0,0,False,False,True,False
768,0.0,1,False,False,True,False
766,0.0,0,False,False,True,False
730,0.0,1,False,False,True,False
665,0.0,0,False,False,True,False
667,0.0,1,False,False,True,False
727,0.0,0,False,False,True,False
671,0.0,1,False,False,True,False
725,0.0,1,False,False,True,False
672,0.0,0,False,False,True,False
719,0.0,0,False,False,True,False
717,0.0,0,False,False,True,False
715,0.0,0,False,False,True,False
673,0.0,1,False,False,True,False
714,0.0,0,False,False,True,False
713,0.0,0,False,False,True,False
711,0.0,0,False,False,True,False
710,0.0,0,False,False,True,False
709,0.0,1,False,False,True,False
705,0.0,0,False,False,True,False
676,0.0,1,False,False,True,False
679,0.0,1,False,False,True,False
702,0.0,0,False,False,True,False
697,0.0,0,False,False,True,False
695,0.0,0,False,False,True,False
693,0.0,1,False,False,True,False
690,0.0,1,False,False,True,False
688,0.0,1,False,False,True,False
684,0.0,1,False,False,True,False
682,0.0,0,False,False,True,False
664,0.0,0,False,False,True,False
731,0.0,1,False,False,True,False
733,0.0,0,False,False,True,False
752,0.0,1,False,False,True,False
633,0.0,0,False,False,True,False
764,0.0,0,False,False,True,False
763,0.0,1,False,False,True,False
634,0.0,1,False,False,True,False
636,0.0,0,False,False,True,False
761,0.0,1,False,False,True,False
758,0.0,0,False,False,True,False
642,0.0,1,False,False,True,False
756,0.0,0,False,False,True,False
755,0.0,1,False,False,True,False
644,0.0,1,False,False,True,False
754,0.0,0,False,False,True,False
751,0.0,0,False,False,True,False
735,0.0,0,False,False,True,False
746,0.0,0,False,False,True,False
745,0.0,0,False,False,True,False
645,0.0,1,False,False,True,False
646,0.0,0,False,False,True,False
743,0.0,0,False,False,True,False
647,0.0,1,False,False,True,False
648,0.0,1,False,False,True,False
738,0.0,1,False,False,True,False
737,0.0,0,False,False,True,False
651,0.0,0,False,False,True,False
654,0.0,0,False,False,True,False
655,0.0,1,False,False,True,False
846,0.0,1,False,False,True,False
586,0.0,1,False,False,True,False
1029,0.0,1,False,False,True,False
974,0.0,0,False,False,True,False
530,0.0,0,False,False,True,False
969,0.0,1,False,False,True,False
534,0.0,1,False,False,True,False
536,0.0,1,False,False,True,False
966,0.0,1,False,False,True,False
965,0.0,1,False,False,True,False
964,0.0,0,False,False,True,False
963,0.0,0,False,False,True,False
537,0.0,1,False,False,True,False
538,0.0,1,False,False,True,False
539,0.0,0,False,False,True,False
962,0.0,0,False,False,True,False
961,0.0,1,False,False,True,False
540,0.0,1,False,False,True,False
959,0.0,1,False,False,True,False
542,0.0,1,False,False,True,False
955,0.0,0,False,False,True,False
952,0.0,0,False,False,True,False
546,0.0,1,False,False,True,False
946,0.0,1,False,False,True,False
945,0.0,1,False,False,True,False
547,0.0,0,False,False,True,False
942,0.0,1,False,False,True,False
941,0.0,1,False,False,True,False
940,0.0,0,False,False,True,False
938,0.0,1,False,False,True,False
937,0.0,0,False,False,True,False
528,0.0,1,False,False,True,False
524,0.0,0,False,False,True,False
853,0.0,1,False,False,True,False
975,0.0,0,False,False,True,False
1028,0.0,0,False,False,True,False
510,0.0,0,False,False,True,False
1026,0.0,1,False,False,True,False
1024,0.0,1,False,False,True,False
1022,0.0,0,False,False,True,False
1017,0.0,0,False,False,True,False
1014,0.0,1,False,False,True,False
1013,0.0,1,False,False,True,False
1010,0.0,1,False,False,True,False
1009,0.0,1,False,False,True,False
1008,0.0,0,False,False,True,False
1007,0.0,0,False,False,True,False
1006,0.0,0,False,False,True,False
512,0.0,1,False,False,True,False
513,0.0,0,False,False,True,False
994,0.0,0,False,False,True,False
993,0.0,0,False,False,True,False
992,0.0,1,False,False,True,False
516,0.0,1,False,False,True,False
517,0.0,1,False,False,True,False
520,0.0,0,False,False,True,False
988,0.0,1,False,False,True,False
987,0.0,0,False,False,True,False
986,0.0,0,False,False,True,False
982,0.0,0,False,False,True,False
978,0.0,0,False,False,True,False
522,0.0,0,False,False,True,False
936,0.0,0,False,False,True,False
549,0.0,1,False,False,True,False
934,0.0,1,False,False,True,False
933,0.0,0,False,False,True,False
887,0.0,1,False,False,True,False
568,0.0,0,False,False,True,False
571,0.0,0,False,False,True,False
884,0.0,1,False,False,True,False
574,0.0,0,False,False,True,False
576,0.0,1,False,False,True,False
881,0.0,0,False,False,True,False
879,0.0,1,False,False,True,False
878,0.0,1,False,False,True,False
877,0.0,1,False,False,True,False
876,0.0,1,False,False,True,False
578,0.0,1,False,False,True,False
872,0.0,1,False,False,True,False
871,0.0,1,False,False,True,False
579,0.0,1,False,False,True,False
866,0.0,0,False,False,True,False
865,0.0,0,False,False,True,False
864,0.0,0,False,False,True,False
862,0.0,0,False,False,True,False
860,0.0,1,False,False,True,False
859,0.0,0,False,False,True,False
858,0.0,1,False,False,True,False
580,0.0,0,False,False,True,False
581,0.0,1,False,False,True,False
583,0.0,0,False,False,True,False
584,0.0,0,False,False,True,False
585,0.0,0,False,False,True,False
889,0.0,0,False,False,True,False
565,0.0,1,False,False,True,False
564,0.0,1,False,False,True,False
914,0.0,0,False,False,True,False
932,0.0,0,False,False,True,False
550,0.0,0,False,False,True,False
930,0.0,0,False,False,True,False
553,0.0,0,False,False,True,False
554,0.0,0,False,False,True,False
555,0.0,1,False,False,True,False
556,0.0,0,False,False,True,False
919,0.0,1,False,False,True,False
918,0.0,0,False,False,True,False
917,0.0,0,False,False,True,False
557,0.0,1,False,False,True,False
558,0.0,0,False,False,True,False
913,0.0,0,False,False,True,False
563,0.0,1,False,False,True,False
912,0.0,1,False,False,True,False
911,0.0,0,False,False,True,False
909,0.0,0,False,False,True,False
908,0.0,1,False,False,True,False
907,0.0,0,False,False,True,False
560,0.0,1,False,False,True,False
906,0.0,1,False,False,True,False
904,0.0,0,False,False,True,False
561,0.0,0,False,False,True,False
562,0.0,1,False,False,True,False
900,0.0,0,False,False,True,False
898,0.0,1,False,False,True,False
320,0.0,0,False,False,True,False
680,0.0,1,False,False,True,False
1559,0.0,0,False,False,True,False
1616,0.0,1,False,False,True,False
1628,0.0,1,False,False,True,False
1627,0.0,0,False,False,True,False
1626,0.0,0,False,False,True,False
1625,0.0,0,False,False,True,False
1624,0.0,0,False,False,True,False
1623,0.0,0,False,False,True,False
1622,0.0,0,False,False,True,False
144,0.0,1,False,False,True,False
1621,0.0,0,False,False,True,False
37,0.0,0,False,False,True,False
1617,0.0,0,False,False,True,False
1614,0.0,0,False,False,True,False
1542,0.0,1,False,False,True,False
1613,0.0,0,False,False,True,False
147,0.0,0,False,False,True,False
34,0.0,1,False,False,True,False
150,0.0,0,False,False,True,False
1829,0.0,0,False,False,True,False
1609,0.0,0,False,False,True,False
153,0.0,0,False,False,True,False
1608,0.0,0,False,False,True,False
1607,0.0,0,False,False,True,False
1603,0.0,1,False,False,True,False
154,0.0,1,False,False,True,False
1629,0.0,1,False,False,True,False
1823,0.0,1,False,False,True,False
141,0.0,1,False,False,True,False
1630,0.0,1,False,False,True,False
1657,0.0,1,False,False,True,False
1656,0.0,1,False,False,True,False
1655,0.0,0,False,False,True,False
127,0.0,1,False,False,True,False
129,0.0,0,False,False,True,False
1815,0.0,1,False,False,True,False
1650,0.0,1,False,False,True,False
1817,0.0,1,False,False,True,False
41,0.0,1,False,False,True,False
132,0.0,0,False,False,True,False
1647,0.0,1,False,False,True,False
136,0.0,0,False,False,True,False
137,0.0,0,False,False,True,False
1643,0.0,1,False,False,True,False
1642,0.0,1,False,False,True,False
138,0.0,1,False,False,True,False
40,0.0,0,False,False,True,False
1640,0.0,0,False,False,True,False
1639,0.0,0,False,False,True,False
140,0.0,0,False,False,True,False
1635,0.0,0,False,False,True,False
1633,0.0,1,False,False,True,False
1632,0.0,1,False,False,True,False
1602,0.0,0,False,False,True,False
32,0.0,1,False,False,True,False
1830,0.0,0,False,False,True,False
1577,0.0,1,False,False,True,False
169,0.0,0,False,False,True,False
171,0.0,0,False,False,True,False
174,0.0,0,False,False,True,False
1573,0.0,0,False,False,True,False
1571,0.0,0,False,False,True,False
1569,0.0,1,False,False,True,False
26,0.0,0,False,False,True,False
1567,0.0,0,False,False,True,False
1842,0.0,0,False,False,True,False
175,0.0,1,False,False,True,False
1844,0.0,0,False,False,True,False
1564,0.0,0,False,False,True,False
1563,0.0,0,False,False,True,False
1562,0.0,0,False,False,True,False
1560,0.0,1,False,False,True,False
1558,0.0,1,False,False,True,False
1845,0.0,1,False,False,True,False
1556,0.0,0,False,False,True,False
1555,0.0,0,False,False,True,False
1548,0.0,0,False,False,True,False
1546,0.0,0,False,False,True,False
1545,0.0,0,False,False,True,False
1544,0.0,1,False,False,True,False
1576,0.0,0,False,False,True,False
166,0.0,1,False,False,True,False
1601,0.0,1,False,False,True,False
1579,0.0,1,False,False,True,False
1599,0.0,1,False,False,True,False
1832,0.0,0,False,False,True,False
157,0.0,0,False,False,True,False
1597,0.0,1,False,False,True,False
1833,0.0,0,False,False,True,False
31,0.0,0,False,False,True,False
1594,0.0,1,False,False,True,False
1835,0.0,0,False,False,True,False
1593,0.0,0,False,False,True,False
1592,0.0,0,False,False,True,False
1838,0.0,0,False,False,True,False
1589,0.0,0,False,False,True,False
1588,0.0,0,False,False,True,False
1587,0.0,0,False,False,True,False
161,0.0,0,False,False,True,False
1585,0.0,1,False,False,True,False
162,0.0,0,False,False,True,False
1582,0.0,0,False,False,True,False
1581,0.0,1,False,False,True,False
163,0.0,1,False,False,True,False
1840,0.0,1,False,False,True,False
1580,0.0,0,False,False,True,False
28,0.0,1,False,False,True,False
1658,0.0,0,False,False,True,False
124,0.0,0,False,False,True,False
1661,0.0,0,False,False,True,False
73,0.0,0,False,False,True,False
75,0.0,1,False,False,True,False
1750,0.0,0,False,False,True,False
77,0.0,1,False,False,True,False
84,0.0,1,False,False,True,False
1790,0.0,0,False,False,True,False
1747,0.0,1,False,False,True,False
1745,0.0,0,False,False,True,False
1791,0.0,1,False,False,True,False
1743,0.0,1,False,False,True,False
1742,0.0,1,False,False,True,False
1,0.0,0,False,False,True,False
1741,0.0,1,False,False,True,False
53,0.0,1,False,False,True,False
1738,0.0,0,False,False,True,False
1737,0.0,0,False,False,True,False
1736,0.0,0,False,False,True,False
87,0.0,1,False,False,True,False
1796,0.0,1,False,False,True,False
90,0.0,1,False,False,True,False
1730,0.0,0,False,False,True,False
91,0.0,0,False,False,True,False
1729,0.0,1,False,False,True,False
1728,0.0,1,False,False,True,False
74,0.0,1,False,False,True,False
1756,0.0,0,False,False,True,False
1723,0.0,1,False,False,True,False
1757,0.0,0,False,False,True,False
59,0.0,0,False,False,True,False
58,0.0,1,False,False,True,False
1779,0.0,0,False,False,True,False
60,0.0,1,False,False,True,False
61,0.0,0,False,False,True,False
1783,0.0,0,False,False,True,False
1777,0.0,0,False,False,True,False
1776,0.0,0,False,False,True,False
62,0.0,1,False,False,True,False
1773,0.0,1,False,False,True,False
63,0.0,0,False,False,True,False
1769,0.0,1,False,False,True,False
1765,0.0,0,False,False,True,False
1764,0.0,1,False,False,True,False
69,0.0,1,False,False,True,False
1762,0.0,0,False,False,True,False
1784,0.0,0,False,False,True,False
1785,0.0,1,False,False,True,False
1761,0.0,0,False,False,True,False
70,0.0,1,False,False,True,False
1787,0.0,0,False,False,True,False
72,0.0,0,False,False,True,False
1759,0.0,0,False,False,True,False
1797,0.0,1,False,False,True,False
1798,0.0,0,False,False,True,False
1812,0.0,0,False,False,True,False
1695,0.0,1,False,False,True,False
1694,0.0,1,False,False,True,False
1693,0.0,1,False,False,True,False
114,0.0,0,False,False,True,False
116,0.0,0,False,False,True,False
117,0.0,0,False,False,True,False
1688,0.0,0,False,False,True,False
1687,0.0,1,False,False,True,False
1804,0.0,0,False,False,True,False
1684,0.0,0,False,False,True,False
44,0.0,0,False,False,True,False
1682,0.0,0,False,False,True,False
1678,0.0,1,False,False,True,False
119,0.0,0,False,False,True,False
1676,0.0,1,False,False,True,False
1675,0.0,1,False,False,True,False
121,0.0,1,False,False,True,False
1673,0.0,0,False,False,True,False
1671,0.0,1,False,False,True,False
1670,0.0,0,False,False,True,False
1811,0.0,0,False,False,True,False
1669,0.0,1,False,False,True,False
1664,0.0,1,False,False,True,False
1663,0.0,1,False,False,True,False
112,0.0,1,False,False,True,False
1696,0.0,0,False,False,True,False
97,0.0,0,False,False,True,False
1697,0.0,1,False,False,True,False
1722,0.0,0,False,False,True,False
50,0.0,0,False,False,True,False
98,0.0,1,False,False,True,False
99,0.0,1,False,False,True,False
1799,0.0,0,False,False,True,False
1718,0.0,1,False,False,True,False
1717,0.0,1,False,False,True,False
49,0.0,0,False,False,True,False
1715,0.0,1,False,False,True,False
1712,0.0,1,False,False,True,False
102,0.0,1,False,False,True,False
1710,0.0,0,False,False,True,False
104,0.0,1,False,False,True,False
1708,0.0,1,False,False,True,False
1707,0.0,1,False,False,True,False
1706,0.0,1,False,False,True,False
1704,0.0,1,False,False,True,False
1801,0.0,1,False,False,True,False
1802,0.0,0,False,False,True,False
108,0.0,0,False,False,True,False
110,0.0,0,False,False,True,False
45,0.0,0,False,False,True,False
111,0.0,0,False,False,True,False
1543,0.0,1,False,False,True,False
1781,0.0,1,False,False,True,False
1540,0.0,0,False,False,True,False
1408,0.0,1,False,False,True,False
258,0.0,1,False,False,True,False
1417,0.0,1,False,False,True,False
259,0.0,1,False,False,True,False
1416,0.0,0,False,False,True,False
1415,0.0,0,False,False,True,False
261,0.0,1,False,False,True,False
1414,0.0,1,False,False,True,False
19,0.0,1,False,False,True,False
263,0.0,1,False,False,True,False
1412,0.0,1,False,False,True,False
265,0.0,0,False,False,True,False
1407,0.0,1,False,False,True,False
10,0.0,0,False,False,True,False
1406,0.0,0,False,False,True,False
266,0.0,1,False,False,True,False
267,0.0,1,False,False,True,False
1403,0.0,0,False,False,True,False
1878,0.0,0,False,False,True,False
18,0.0,1,False,False,True,False
16,0.0,0,False,False,True,False
277,0.0,0,False,False,True,False
278,0.0,0,False,False,True,False
1398,0.0,1,False,False,True,False
1396,0.0,0,False,False,True,False
1877,0.0,1,False,False,True,False
1419,0.0,0,False,False,True,False
257,0.0,0,False,False,True,False
255,0.0,1,False,False,True,False
1867,0.0,0,False,False,True,False
238,0.0,1,False,False,True,False
1445,0.0,1,False,False,True,False
1873,0.0,1,False,False,True,False
240,0.0,0,False,False,True,False
1442,0.0,0,False,False,True,False
1440,0.0,1,False,False,True,False
242,0.0,0,False,False,True,False
1847,0.0,0,False,False,True,False
243,0.0,0,False,False,True,False
1437,0.0,1,False,False,True,False
1874,0.0,0,False,False,True,False
1433,0.0,0,False,False,True,False
247,0.0,1,False,False,True,False
250,0.0,1,False,False,True,False
1432,0.0,1,False,False,True,False
1430,0.0,1,False,False,True,False
1429,0.0,0,False,False,True,False
1428,0.0,1,False,False,True,False
251,0.0,0,False,False,True,False
1876,0.0,1,False,False,True,False
252,0.0,0,False,False,True,False
1425,0.0,0,False,False,True,False
14,0.0,1,False,False,True,False
7,0.0,1,False,False,True,False
237,0.0,1,False,False,True,False
1356,0.0,0,False,False,True,False
1891,0.0,1,False,False,True,False
300,0.0,0,False,False,True,False
1365,0.0,1,False,False,True,False
1364,0.0,0,False,False,True,False
301,0.0,0,False,False,True,False
302,0.0,0,False,False,True,False
1893,0.0,1,False,False,True,False
1894,0.0,0,False,False,True,False
1359,0.0,1,False,False,True,False
304,0.0,1,False,False,True,False
307,0.0,0,False,False,True,False
1355,0.0,0,False,False,True,False
1395,0.0,1,False,False,True,False
1895,0.0,0,False,False,True,False
1353,0.0,0,False,False,True,False
1352,0.0,0,False,False,True,False
1349,0.0,0,False,False,True,False
1348,0.0,0,False,False,True,False
1347,0.0,0,False,False,True,False
2,0.0,0,False,False,True,False
1346,0.0,1,False,False,True,False
1898,0.0,0,False,False,True,False
310,0.0,0,False,False,True,False
312,0.0,1,False,False,True,False
298,0.0,1,False,False,True,False
1889,0.0,0,False,False,True,False
297,0.0,0,False,False,True,False
1367,0.0,0,False,False,True,False
1883,0.0,0,False,False,True,False
281,0.0,0,False,False,True,False
1394,0.0,0,False,False,True,False
282,0.0,0,False,False,True,False
6,0.0,0,False,False,True,False
1392,0.0,0,False,False,True,False
1391,0.0,1,False,False,True,False
284,0.0,1,False,False,True,False
1384,0.0,1,False,False,True,False
286,0.0,1,False,False,True,False
1382,0.0,0,False,False,True,False
1381,0.0,1,False,False,True,False
1886,0.0,1,False,False,True,False
287,0.0,0,False,False,True,False
1377,0.0,1,False,False,True,False
288,0.0,0,False,False,True,False
1376,0.0,0,False,False,True,False
289,0.0,1,False,False,True,False
291,0.0,1,False,False,True,False
1888,0.0,0,False,False,True,False
1373,0.0,0,False,False,True,False
1371,0.0,0,False,False,True,False
295,0.0,1,False,False,True,False
1447,0.0,0,False,False,True,False
1439,0.0,1,False,False,True,False
20,0.0,0,False,False,True,False
1499,0.0,0,False,False,True,False
1511,0.0,1,False,False,True,False
1510,0.0,1,False,False,True,False
1509,0.0,0,False,False,True,False
1508,0.0,0,False,False,True,False
199,0.0,0,False,False,True,False
1506,0.0,1,False,False,True,False
1505,0.0,0,False,False,True,False
200,0.0,0,False,False,True,False
1503,0.0,1,False,False,True,False
1502,0.0,1,False,False,True,False
1498,0.0,1,False,False,True,False
197,0.0,0,False,False,True,False
1497,0.0,0,False,False,True,False
1496,0.0,1,False,False,True,False
236,0.0,1,False,False,True,False
202,0.0,1,False,False,True,False
1495,0.0,1,False,False,True,False
1492,0.0,0,False,False,True,False
1859,0.0,1,False,False,True,False
203,0.0,1,False,False,True,False
204,0.0,0,False,False,True,False
205,0.0,1,False,False,True,False
1513,0.0,0,False,False,True,False
1857,0.0,0,False,False,True,False
208,0.0,0,False,False,True,False
184,0.0,0,False,False,True,False
182,0.0,0,False,False,True,False
1537,0.0,1,False,False,True,False
1848,0.0,1,False,False,True,False
24,0.0,0,False,False,True,False
1851,0.0,0,False,False,True,False
1535,0.0,1,False,False,True,False
1534,0.0,1,False,False,True,False
23,0.0,0,False,False,True,False
183,0.0,1,False,False,True,False
1531,0.0,0,False,False,True,False
22,0.0,0,False,False,True,False
1516,0.0,1,False,False,True,False
188,0.0,0,False,False,True,False
1528,0.0,0,False,False,True,False
191,0.0,1,False,False,True,False
1526,0.0,0,False,False,True,False
21,0.0,1,False,False,True,False
192,0.0,0,False,False,True,False
1522,0.0,1,False,False,True,False
193,0.0,0,False,False,True,False
194,0.0,0,False,False,True,False
1518,0.0,0,False,False,True,False
1490,0.0,1,False,False,True,False
1858,0.0,0,False,False,True,False
212,0.0,0,False,False,True,False
1862,0.0,0,False,False,True,False
221,0.0,1,False,False,True,False
1455,0.0,1,False,False,True,False
1470,0.0,1,False,False,True,False
1468,0.0,1,False,False,True,False
232,0.0,1,False,False,True,False
1456,0.0,1,False,False,True,False
1861,0.0,1,False,False,True,False
225,0.0,0,False,False,True,False
220,0.0,0,False,False,True,False
234,0.0,1,False,False,True,False
1459,0.0,1,False,False,True,False
1460,0.0,1,False,False,True,False
1865,0.0,1,False,False,True,False
1863,0.0,1,False,False,True,False
228,0.0,0,False,False,True,False
229,0.0,0,False,False,True,False
1454,0.0,0,False,False,True,False
1465,0.0,0,False,False,True,False
233,0.0,0,False,False,True,False
1452,0.0,0,False,False,True,False
1472,0.0,0,False,False,True,False
1484,0.0,0,False,False,True,False
1866,0.0,1,False,False,True,False
1451,0.0,0,False,False,True,False
1482,0.0,1,False,False,True,False
1479,0.0,1,False,False,True,False
1478,0.0,0,False,False,True,False
1475,0.0,0,False,False,True,False
217,0.0,0,False,False,True,False
1860,0.0,1,False,False,True,False
219,0.0,1,False,False,True,False
675,-2.7755575615628914e-17,1,False,False,True,False
1079,-2.7755575615628914e-17,1,False,False,True,False
29,-2.7755575615628914e-17,0,False,False,True,False
3060,-2.7755575615628914e-17,0,False,False,True,False
1808,-2.7755575615628914e-17,0,False,False,True,False
280,-2.7755575615628914e-17,1,False,False,True,False
2649,-2.7755575615628914e-17,1,False,False,True,False
2015,-0.09999999999999998,0,True,False,False,False
421,-0.09999999999999998,1,True,False,False,False
608,-0.1,1,True,False,False,False
2994,-0.1,1,True,False,False,False
637,-0.1,0,True,False,False,False
661,-0.1,1,True,False,False,False
3572,-0.1,0,True,False,False,False
660,-0.1,1,True,False,False,False
626,-0.1,1,True,False,False,False
3052,-0.1,1,True,False,False,False
25,-0.1,1,True,False,False,False
3564,-0.1,1,True,False,False,False
3021,-0.1,1,True,False,False,False
657,-0.1,0,True,False,False,False
2983,-0.1,1,True,False,False,False
2990,-0.1,0,True,False,False,False
3010,-0.1,1,True,False,False,False
632,-0.1,0,True,False,False,False
3040,-0.1,0,True,False,False,False
3558,-0.1,1,True,False,False,False
635,-0.1,0,True,False,False,False
3,-0.1,1,True,False,False,False
674,-0.1,1,True,False,False,False
3549,-0.1,1,True,False,False,False
3583,-0.1,0,True,False,False,False
630,-0.1,1,True,False,False,False
43,-0.1,0,True,False,False,False
677,-0.1,0,True,False,False,False
55,-0.1,1,True,False,False,False
38,-0.1,1,True,False,False,False
3007,-0.1,1,True,False,False,False
3036,-0.1,0,True,False,False,False
3013,-0.1,0,True,False,False,False
612,-0.1,1,True,False,False,False
3570,-0.1,1,True,False,False,False
3015,-0.1,1,True,False,False,False
3584,-0.1,0,True,False,False,False
316,-0.1,1,True,False,False,False
499,-0.1,0,True,False,False,False
605,-0.1,0,True,False,False,False
180,-0.1,0,True,False,False,False
239,-0.1,0,True,False,False,False
3237,-0.1,0,True,False,False,False
398,-0.1,1,True,False,False,False
399,-0.1,0,True,False,False,False
235,-0.1,1,True,False,False,False
402,-0.1,0,True,False,False,False
406,-0.1,0,True,False,False,False
407,-0.1,1,True,False,False,False
230,-0.1,1,True,False,False,False
3226,-0.1,0,True,False,False,False
227,-0.1,0,True,False,False,False
226,-0.1,1,True,False,False,False
223,-0.1,0,True,False,False,False
222,-0.1,0,True,False,False,False
3220,-0.1,0,True,False,False,False
3404,-0.1,0,True,False,False,False
425,-0.1,1,True,False,False,False
3209,-0.1,1,True,False,False,False
3203,-0.1,0,True,False,False,False
435,-0.1,1,True,False,False,False
3201,-0.1,0,True,False,False,False
3420,-0.1,1,True,False,False,False
186,-0.1,1,True,False,False,False
3198,-0.1,0,True,False,False,False
3427,-0.1,1,True,False,False,False
3195,-0.1,1,True,False,False,False
3428,-0.1,1,True,False,False,False
246,-0.1,1,True,False,False,False
387,-0.1,0,True,False,False,False
3256,-0.1,1,True,False,False,False
3341,-0.1,0,True,False,False,False
3321,-0.1,0,True,False,False,False
3309,-0.1,1,True,False,False,False
309,-0.1,1,True,False,False,False
303,-0.1,1,True,False,False,False
338,-0.1,1,True,False,False,False
3331,-0.1,0,True,False,False,False
345,-0.1,0,True,False,False,False
3296,-0.1,1,True,False,False,False
294,-0.1,1,True,False,False,False
350,-0.1,1,True,False,False,False
351,-0.1,0,True,False,False,False
2980,-0.1,1,True,False,False,False
3342,-0.1,1,True,False,False,False
3371,-0.1,1,True,False,False,False
285,-0.1,1,True,False,False,False
359,-0.1,0,True,False,False,False
3346,-0.1,1,True,False,False,False
3349,-0.1,1,True,False,False,False
368,-0.1,0,True,False,False,False
369,-0.1,1,True,False,False,False
3273,-0.1,0,True,False,False,False
3272,-0.1,1,True,False,False,False
272,-0.1,0,True,False,False,False
268,-0.1,1,True,False,False,False
3271,-0.1,1,True,False,False,False
372,-0.1,0,True,False,False,False
3194,-0.1,1,True,False,False,False
3434,-0.1,1,True,False,False,False
601,-0.1,0,True,False,False,False
178,-0.1,1,True,False,False,False
122,-0.1,1,True,False,False,False
543,-0.1,0,True,False,False,False
544,-0.1,1,True,False,False,False
3490,-0.1,0,True,False,False,False
3491,-0.1,1,True,False,False,False
118,-0.1,1,True,False,False,False
3499,-0.1,1,True,False,False,False
106,-0.1,0,True,False,False,False
3503,-0.1,1,True,False,False,False
105,-0.1,1,True,False,False,False
3096,-0.1,1,True,False,False,False
100,-0.1,1,True,False,False,False
3508,-0.1,0,True,False,False,False
3091,-0.1,1,True,False,False,False
573,-0.1,1,True,False,False,False
95,-0.1,1,True,False,False,False
3519,-0.1,0,True,False,False,False
3521,-0.1,1,True,False,False,False
3522,-0.1,0,True,False,False,False
3523,-0.1,1,True,False,False,False
3524,-0.1,0,True,False,False,False
3077,-0.1,0,True,False,False,False
85,-0.1,0,True,False,False,False
3070,-0.1,0,True,False,False,False
3068,-0.1,0,True,False,False,False
590,-0.1,1,True,False,False,False
591,-0.1,0,True,False,False,False
3484,-0.1,1,True,False,False,False
126,-0.1,0,True,False,False,False
3123,-0.1,1,True,False,False,False
160,-0.1,1,True,False,False,False
177,-0.1,0,True,False,False,False
459,-0.1,0,True,False,False,False
3179,-0.1,0,True,False,False,False
3439,-0.1,0,True,False,False,False
165,-0.1,0,True,False,False,False
465,-0.1,1,True,False,False,False
468,-0.1,0,True,False,False,False
479,-0.1,1,True,False,False,False
484,-0.1,0,True,False,False,False
3451,-0.1,1,True,False,False,False
3156,-0.1,0,True,False,False,False
3452,-0.1,0,True,False,False,False
158,-0.1,1,True,False,False,False
532,-0.1,0,True,False,False,False
3153,-0.1,0,True,False,False,False
156,-0.1,1,True,False,False,False
494,-0.1,1,True,False,False,False
318,-0.1,0,True,False,False,False
151,-0.1,1,True,False,False,False
148,-0.1,1,True,False,False,False
145,-0.1,0,True,False,False,False
143,-0.1,1,True,False,False,False
511,-0.1,0,True,False,False,False
514,-0.1,0,True,False,False,False
139,-0.1,0,True,False,False,False
3476,-0.1,0,True,False,False,False
954,-0.1,0,True,False,False,False
3586,-0.1,1,True,False,False,False
2595,-0.1,0,True,False,False,False
1716,-0.1,0,True,False,False,False
1242,-0.1,0,True,False,False,False
2079,-0.1,1,True,False,False,False
1237,-0.1,1,True,False,False,False
1234,-0.1,0,True,False,False,False
1700,-0.1,1,True,False,False,False
2506,-0.1,0,True,False,False,False
1701,-0.1,1,True,False,False,False
1709,-0.1,0,True,False,False,False
1228,-0.1,0,True,False,False,False
2493,-0.1,0,True,False,False,False
1224,-0.1,0,True,False,False,False
1221,-0.1,1,True,False,False,False
1219,-0.1,0,True,False,False,False
2528,-0.1,0,True,False,False,False
1721,-0.1,0,True,False,False,False
1205,-0.1,1,True,False,False,False
2058,-0.1,0,True,False,False,False
1198,-0.1,1,True,False,False,False
1691,-0.1,1,True,False,False,False
2088,-0.1,1,True,False,False,False
1305,-0.1,0,True,False,False,False
1659,-0.1,0,True,False,False,False
2445,-0.1,1,True,False,False,False
2448,-0.1,1,True,False,False,False
2969,-0.1,1,True,False,False,False
1648,-0.1,0,True,False,False,False
2455,-0.1,0,True,False,False,False
1649,-0.1,1,True,False,False,False
1651,-0.1,0,True,False,False,False
2116,-0.1,1,True,False,False,False
1281,-0.1,0,True,False,False,False
1245,-0.1,1,True,False,False,False
2469,-0.1,0,True,False,False,False
1677,-0.1,0,True,False,False,False
1259,-0.1,1,True,False,False,False
1258,-0.1,0,True,False,False,False
1249,-0.1,1,True,False,False,False
1248,-0.1,1,True,False,False,False
2092,-0.1,1,True,False,False,False
2091,-0.1,0,True,False,False,False
2539,-0.1,0,True,False,False,False
1179,-0.1,1,True,False,False,False
2056,-0.1,0,True,False,False,False
1060,-0.1,1,True,False,False,False
2627,-0.1,0,True,False,False,False
2633,-0.1,0,True,False,False,False
2636,-0.1,1,True,False,False,False
2638,-0.1,0,True,False,False,False
1748,-0.1,0,True,False,False,False
1075,-0.1,0,True,False,False,False
1062,-0.1,0,True,False,False,False
2654,-0.1,0,True,False,False,False
1057,-0.1,1,True,False,False,False
2552,-0.1,0,True,False,False,False
2659,-0.1,1,True,False,False,False
1056,-0.1,1,True,False,False,False
1055,-0.1,1,True,False,False,False
1755,-0.1,0,True,False,False,False
1760,-0.1,1,True,False,False,False
2023,-0.1,1,True,False,False,False
1053,-0.1,1,True,False,False,False
2666,-0.1,1,True,False,False,False
2623,-0.1,1,True,False,False,False
2622,-0.1,1,True,False,False,False
2041,-0.1,1,True,False,False,False
1734,-0.1,0,True,False,False,False
2553,-0.1,1,True,False,False,False
1175,-0.1,0,True,False,False,False
1165,-0.1,1,True,False,False,False
1163,-0.1,1,True,False,False,False
1161,-0.1,1,True,False,False,False
1156,-0.1,0,True,False,False,False
1155,-0.1,0,True,False,False,False
1726,-0.1,0,True,False,False,False
1138,-0.1,0,True,False,False,False
2585,-0.1,0,True,False,False,False
2586,-0.1,1,True,False,False,False
1529,-0.1,0,True,False,False,False
1111,-0.1,1,True,False,False,False
2051,-0.1,1,True,False,False,False
2049,-0.1,1,True,False,False,False
1097,-0.1,1,True,False,False,False
2619,-0.1,1,True,False,False,False
2441,-0.1,0,True,False,False,False
2126,-0.1,0,True,False,False,False
1763,-0.1,0,True,False,False,False
1418,-0.1,1,True,False,False,False
2308,-0.1,0,True,False,False,False
2196,-0.1,1,True,False,False,False
1434,-0.1,0,True,False,False,False
2192,-0.1,0,True,False,False,False
2313,-0.1,1,True,False,False,False
2318,-0.1,0,True,False,False,False
1426,-0.1,1,True,False,False,False
2322,-0.1,0,True,False,False,False
2325,-0.1,1,True,False,False,False
1443,-0.1,1,True,False,False,False
2330,-0.1,0,True,False,False,False
1413,-0.1,1,True,False,False,False
1409,-0.1,0,True,False,False,False
1575,-0.1,0,True,False,False,False
2339,-0.1,0,True,False,False,False
2187,-0.1,1,True,False,False,False
1578,-0.1,1,True,False,False,False
1402,-0.1,0,True,False,False,False
2306,-0.1,1,True,False,False,False
1446,-0.1,1,True,False,False,False
2437,-0.1,0,True,False,False,False
1539,-0.1,0,True,False,False,False
2232,-0.1,1,True,False,False,False
2220,-0.1,0,True,False,False,False
1515,-0.1,0,True,False,False,False
1507,-0.1,1,True,False,False,False
2248,-0.1,1,True,False,False,False
2255,-0.1,0,True,False,False,False
1491,-0.1,1,True,False,False,False
2259,-0.1,1,True,False,False,False
1550,-0.1,1,True,False,False,False
1448,-0.1,1,True,False,False,False
1485,-0.1,1,True,False,False,False
2274,-0.1,0,True,False,False,False
2278,-0.1,1,True,False,False,False
2203,-0.1,1,True,False,False,False
2282,-0.1,0,True,False,False,False
1458,-0.1,1,True,False,False,False
2294,-0.1,0,True,False,False,False
1450,-0.1,0,True,False,False,False
2183,-0.1,1,True,False,False,False
1583,-0.1,1,True,False,False,False
1399,-0.1,1,True,False,False,False
1338,-0.1,1,True,False,False,False
1354,-0.1,0,True,False,False,False
2397,-0.1,1,True,False,False,False
2398,-0.1,1,True,False,False,False
1611,-0.1,0,True,False,False,False
2153,-0.1,0,True,False,False,False
2401,-0.1,0,True,False,False,False
1343,-0.1,1,True,False,False,False
1342,-0.1,0,True,False,False,False
1612,-0.1,1,True,False,False,False
2346,-0.1,0,True,False,False,False
2411,-0.1,1,True,False,False,False
1620,-0.1,0,True,False,False,False
2419,-0.1,1,True,False,False,False
2143,-0.1,1,True,False,False,False
2422,-0.1,1,True,False,False,False
1317,-0.1,0,True,False,False,False
2426,-0.1,1,True,False,False,False
2427,-0.1,1,True,False,False,False
2386,-0.1,1,True,False,False,False
2385,-0.1,1,True,False,False,False
1360,-0.1,0,True,False,False,False
2155,-0.1,1,True,False,False,False
2349,-0.1,1,True,False,False,False
1586,-0.1,1,True,False,False,False
1596,-0.1,1,True,False,False,False
2166,-0.1,0,True,False,False,False
1390,-0.1,0,True,False,False,False
1387,-0.1,1,True,False,False,False
2161,-0.1,1,True,False,False,False
1379,-0.1,0,True,False,False,False
1378,-0.1,0,True,False,False,False
2366,-0.1,0,True,False,False,False
1375,-0.1,0,True,False,False,False
1374,-0.1,1,True,False,False,False
2370,-0.1,0,True,False,False,False
1370,-0.1,1,True,False,False,False
1366,-0.1,0,True,False,False,False
2376,-0.1,0,True,False,False,False
2377,-0.1,1,True,False,False,False
1051,-0.1,1,True,False,False,False
2228,-0.1,0,True,False,False,False
838,-0.1,1,True,False,False,False
882,-0.1,0,True,False,False,False
890,-0.1,0,True,False,False,False
1821,-0.1,0,True,False,False,False
886,-0.1,0,True,False,False,False
2796,-0.1,1,True,False,False,False
2924,-0.1,0,True,False,False,False
1825,-0.1,0,True,False,False,False
874,-0.1,1,True,False,False,False
948,-0.1,0,True,False,False,False
868,-0.1,0,True,False,False,False
757,-0.1,1,True,False,False,False
2914,-0.1,1,True,False,False,False
2819,-0.1,1,True,False,False,False
2820,-0.1,0,True,False,False,False
765,-0.1,0,True,False,False,False
744,-0.1,1,True,False,False,False
742,-0.1,0,True,False,False,False
741,-0.1,1,True,False,False,False
892,-0.1,0,True,False,False,False
899,-0.1,0,True,False,False,False
2929,-0.1,1,True,False,False,False
740,-0.1,1,True,False,False,False
2782,-0.1,1,True,False,False,False
2934,-0.1,0,True,False,False,False
736,-0.1,0,True,False,False,False
2936,-0.1,1,True,False,False,False
1809,-0.1,1,True,False,False,False
922,-0.1,0,True,False,False,False
924,-0.1,0,True,False,False,False
926,-0.1,1,True,False,False,False
931,-0.1,1,True,False,False,False
1806,-0.1,0,True,False,False,False
1965,-0.1,0,True,False,False,False
854,-0.1,1,True,False,False,False
773,-0.1,0,True,False,False,False
2848,-0.1,1,True,False,False,False
805,-0.1,0,True,False,False,False
2869,-0.1,1,True,False,False,False
1854,-0.1,1,True,False,False,False
806,-0.1,1,True,False,False,False
808,-0.1,1,True,False,False,False
800,-0.1,1,True,False,False,False
814,-0.1,1,True,False,False,False
2872,-0.1,1,True,False,False,False
796,-0.1,1,True,False,False,False
817,-0.1,0,True,False,False,False
1856,-0.1,0,True,False,False,False
1956,-0.1,0,True,False,False,False
1939,-0.1,0,True,False,False,False
1841,-0.1,1,True,False,False,False
828,-0.1,1,True,False,False,False
777,-0.1,0,True,False,False,False
1960,-0.1,0,True,False,False,False
1837,-0.1,1,True,False,False,False
2840,-0.1,0,True,False,False,False
794,-0.1,1,True,False,False,False
2880,-0.1,1,True,False,False,False
1869,-0.1,1,True,False,False,False
2838,-0.1,1,True,False,False,False
2888,-0.1,0,True,False,False,False
2836,-0.1,1,True,False,False,False
2835,-0.1,0,True,False,False,False
1927,-0.1,1,True,False,False,False
2832,-0.1,1,True,False,False,False
2893,-0.1,1,True,False,False,False
1926,-0.1,1,True,False,False,False
734,-0.1,0,True,False,False,False
1819,-0.1,1,True,False,False,False
1884,-0.1,1,True,False,False,False
2957,-0.1,0,True,False,False,False
2727,-0.1,1,True,False,False,False
2949,-0.1,1,True,False,False,False
977,-0.1,0,True,False,False,False
726,-0.1,1,True,False,False,False
990,-0.1,0,True,False,False,False
991,-0.1,0,True,False,False,False
723,-0.1,1,True,False,False,False
995,-0.1,1,True,False,False,False
1794,-0.1,0,True,False,False,False
1005,-0.1,0,True,False,False,False
1782,-0.1,0,True,False,False,False
1027,-0.1,1,True,False,False,False
1800,-0.1,0,True,False,False,False
1897,-0.1,1,True,False,False,False
2010,-0.1,0,True,False,False,False
707,-0.1,0,True,False,False,False
2966,-0.1,1,True,False,False,False
2016,-0.1,0,True,False,False,False
2692,-0.1,0,True,False,False,False
2690,-0.1,0,True,False,False,False
1033,-0.1,0,True,False,False,False
2684,-0.1,0,True,False,False,False
1039,-0.1,0,True,False,False,False
2681,-0.1,0,True,False,False,False
971,-0.1,1,True,False,False,False
1853,-0.1,1,True,False,False,False
2732,-0.1,1,True,False,False,False
1805,-0.1,1,True,False,False,False
729,-0.1,0,True,False,False,False
2740,-0.1,1,True,False,False,False
1920,-0.1,1,True,False,False,False
2738,-0.1,1,True,False,False,False
2942,-0.1,0,True,False,False,False
732,-0.1,0,True,False,False,False
2946,-0.1,1,True,False,False,False
951,-0.1,0,True,False,False,False
3445,-0.10000000000000003,0,True,False,False,False
1463,-0.10000000000000003,1,True,False,False,False
2456,-0.10000000000000003,0,True,False,False,False
2145,-0.10000000000000003,1,True,False,False,False
2285,-0.10000000000000003,0,True,False,False,False
762,-0.10000000000000003,0,True,False,False,False
968,-0.10000000000000003,0,True,False,False,False
527,-0.10000000000000003,1,True,False,False,False
3079,-0.10000000000000003,0,True,False,False,False
2617,-0.10000000000000003,1,True,False,False,False
1533,-0.10000000000000003,1,True,False,False,False
3228,-0.10000000000000003,1,True,False,False,False
2918,-0.10000000000000003,1,True,False,False,False
2280,-0.10000000000000003,1,True,False,False,False
3324,-0.10000000000000003,0,True,False,False,False
1215,-0.10000000000000003,0,True,False,False,False
2686,-0.19999999999999998,0,True,False,False,False
2989,-0.19999999999999998,1,True,False,False,False
1936,-0.2,1,True,False,False,False
1527,-0.2,0,True,False,False,False
703,-0.2,0,True,False,False,False
2312,-0.2,1,True,False,False,False
185,-0.2,1,True,False,False,False
3335,-0.2,1,True,False,False,False
3581,-0.2,1,True,False,False,False
3038,-0.2,0,True,False,False,False
2967,-0.2,0,True,False,False,False
1362,-0.2,1,True,False,False,False
2236,-0.2,0,True,False,False,False
13,-0.2,1,True,False,False,False
2302,-0.2,0,True,False,False,False
299,-0.2,0,True,False,False,False
1363,-0.2,0,True,False,False,False
1882,-0.2,1,True,False,False,False
649,-0.2,1,True,False,False,False
1892,-0.2,1,True,False,False,False
1919,-0.2,1,True,False,False,False
262,-0.2,0,True,False,False,False
668,-0.2,0,True,False,False,False
1464,-0.2,0,True,False,False,False
3363,-0.2,1,True,False,False,False
176,-0.2,1,True,False,False,False
269,-0.2,1,True,False,False,False
2995,-0.2,0,True,False,False,False
2198,-0.2,1,True,False,False,False
670,-0.2,1,True,False,False,False
3358,-0.2,1,True,False,False,False
270,-0.2,0,True,False,False,False
3356,-0.2,1,True,False,False,False
760,-0.2,1,True,False,False,False
656,-0.2,0,True,False,False,False
1925,-0.2,1,True,False,False,False
2273,-0.2,0,True,False,False,False
2207,-0.2,1,True,False,False,False
3390,-0.2,1,True,False,False,False
2327,-0.2,0,True,False,False,False
3026,-0.2,0,True,False,False,False
767,-0.2,0,True,False,False,False
218,-0.2,1,True,False,False,False
179,-0.2,0,True,False,False,False
2191,-0.2,1,True,False,False,False
1380,-0.2,1,True,False,False,False
2910,-0.2,1,True,False,False,False
2674,-0.2,1,True,False,False,False
1345,-0.2,0,True,False,False,False
419,-0.2,1,True,False,False,False
1129,-0.2,0,True,False,False,False
2589,-0.2,1,True,False,False,False
428,-0.2,1,True,False,False,False
535,-0.2,0,True,False,False,False
94,-0.2,0,True,False,False,False
1803,-0.2,1,True,False,False,False
1157,-0.2,0,True,False,False,False
2743,-0.2,0,True,False,False,False
3512,-0.2,0,True,False,False,False
957,-0.2,0,True,False,False,False
531,-0.2,1,True,False,False,False
3218,-0.2,0,True,False,False,False
545,-0.2,1,True,False,False,False
1178,-0.2,0,True,False,False,False
944,-0.2,1,True,False,False,False
2059,-0.2,1,True,False,False,False
3103,-0.2,0,True,False,False,False
916,-0.2,0,True,False,False,False
3552,-0.2,0,True,False,False,False
2516,-0.2,1,True,False,False,False
2601,-0.2,0,True,False,False,False
972,-0.2,0,True,False,False,False
2066,-0.2,0,True,False,False,False
2652,-0.2,1,True,False,False,False
1050,-0.2,1,True,False,False,False
1041,-0.2,0,True,False,False,False
2667,-0.2,0,True,False,False,False
478,-0.2,0,True,False,False,False
1753,-0.2,1,True,False,False,False
2032,-0.2,0,True,False,False,False
1774,-0.2,0,True,False,False,False
2657,-0.2,0,True,False,False,False
506,-0.2,0,True,False,False,False
1744,-0.2,1,True,False,False,False
3196,-0.2,0,True,False,False,False
2039,-0.2,0,True,False,False,False
2630,-0.2,1,True,False,False,False
1090,-0.2,1,True,False,False,False
519,-0.2,1,True,False,False,False
1992,-0.2,0,True,False,False,False
2620,-0.2,0,True,False,False,False
2725,-0.2,0,True,False,False,False
1733,-0.2,0,True,False,False,False
88,-0.2,1,True,False,False,False
3320,-0.2,0,True,False,False,False
3238,-0.2,1,True,False,False,False
3242,-0.2,1,True,False,False,False
852,-0.2,1,True,False,False,False
2830,-0.2,0,True,False,False,False
133,-0.2,0,True,False,False,False
356,-0.2,1,True,False,False,False
355,-0.2,0,True,False,False,False
1045,-0.2,0,True,False,False,False
1645,-0.2,1,True,False,False,False
834,-0.2,1,True,False,False,False
1641,-0.2,0,True,False,False,False
2135,-0.2,0,True,False,False,False
2428,-0.2,0,True,False,False,False
593,-0.2,1,True,False,False,False
2417,-0.2,0,True,False,False,False
3057,-0.2,1,True,False,False,False
2850,-0.2,0,True,False,False,False
2406,-0.2,0,True,False,False,False
2403,-0.2,1,True,False,False,False
1846,-0.2,0,True,False,False,False
1344,-0.2,1,True,False,False,False
810,-0.2,0,True,False,False,False
807,-0.2,1,True,False,False,False
311,-0.2,1,True,False,False,False
2785,-0.2,0,True,False,False,False
2828,-0.2,0,True,False,False,False
3277,-0.2,1,True,False,False,False
2821,-0.2,0,True,False,False,False
1703,-0.2,1,True,False,False,False
902,-0.2,0,True,False,False,False
391,-0.2,0,True,False,False,False
2078,-0.2,1,True,False,False,False
3498,-0.2,0,True,False,False,False
2791,-0.2,0,True,False,False,False
1689,-0.2,0,True,False,False,False
885,-0.2,0,True,False,False,False
2798,-0.2,0,True,False,False,False
575,-0.2,0,True,False,False,False
2094,-0.2,0,True,False,False,False
1251,-0.2,0,True,False,False,False
1826,-0.2,1,True,False,False,False
3267,-0.2,1,True,False,False,False
3489,-0.2,0,True,False,False,False
1828,-0.2,0,True,False,False,False
2475,-0.2,1,True,False,False,False
1278,-0.2,0,True,False,False,False
1969,-0.2,1,True,False,False,False
1792,-0.20000000000000004,1,True,False,False,False
3430,-0.20000000000000004,0,True,False,False,False
1565,-0.20000000000000004,0,True,False,False,False
2979,-0.20000000000000004,1,True,False,False,False
358,-0.20000000000000004,1,True,False,False,False
1523,-0.20000000000000004,0,True,False,False,False
249,-0.20000000000000004,1,True,False,False,False
2882,-0.20000000000000004,1,True,False,False,False
2877,-0.20000000000000004,0,True,False,False,False
831,-0.20000000000000004,1,True,False,False,False
2760,-0.20000000000000004,1,True,False,False,False
1901,-0.20000000000000004,1,True,False,False,False
3139,-0.20000000000000004,0,True,False,False,False
3143,-0.20000000000000004,1,True,False,False,False
2637,-0.20000000000000004,1,True,False,False,False
1100,-0.20000000000000004,0,True,False,False,False
2609,-0.20000000000000004,0,True,False,False,False
3247,-0.20000000000000004,1,True,False,False,False
1301,-0.20000000000000004,1,True,False,False,False
2350,-0.20000000000000004,0,True,False,False,False
271,-0.20000000000000004,0,True,False,False,False
1905,-0.20000000000000004,1,True,False,False,False
1487,-0.20000000000000004,1,True,False,False,False
2286,-0.20000000000000004,1,True,False,False,False
3527,-0.30000000000000004,0,True,False,False,False
1012,-0.30000000000000004,0,True,False,False,False
1780,-0.30000000000000004,1,True,False,False,False
1778,-0.30000000000000004,1,True,False,False,False
2263,-0.30000000000000004,1,True,False,False,False
2673,-0.30000000000000004,1,True,False,False,False
2664,-0.30000000000000004,1,True,False,False,False
1754,-0.30000000000000004,0,True,False,False,False
474,-0.30000000000000004,1,True,False,False,False
471,-0.30000000000000004,0,True,False,False,False
3440,-0.30000000000000004,0,True,False,False,False
2491,-0.30000000000000004,0,True,False,False,False
455,-0.30000000000000004,1,True,False,False,False
1473,-0.30000000000000004,1,True,False,False,False
404,-0.30000000000000004,0,True,False,False,False
2512,-0.30000000000000004,0,True,False,False,False
1530,-0.30000000000000004,0,True,False,False,False
1699,-0.30000000000000004,0,True,False,False,False
1698,-0.30000000000000004,0,True,False,False,False
3249,-0.30000000000000004,1,True,False,False,False
2505,-0.30000000000000004,1,True,False,False,False
3253,-0.30000000000000004,0,True,False,False,False
1004,-0.30000000000000004,0,True,False,False,False
989,-0.30000000000000004,1,True,False,False,False
47,-0.30000000000000004,1,True,False,False,False
1488,-0.30000000000000004,1,True,False,False,False
2963,-0.30000000000000004,0,True,False,False,False
716,-0.30000000000000004,0,True,False,False,False
2944,-0.30000000000000004,1,True,False,False,False
3003,-0.30000000000000004,0,True,False,False,False
2932,-0.30000000000000004,0,True,False,False,False
2909,-0.30000000000000004,1,True,False,False,False
780,-0.30000000000000004,0,True,False,False,False
795,-0.30000000000000004,1,True,False,False,False
3044,-0.30000000000000004,1,True,False,False,False
613,-0.30000000000000004,0,True,False,False,False
1951,-0.30000000000000004,0,True,False,False,False
2854,-0.30000000000000004,0,True,False,False,False
603,-0.30000000000000004,0,True,False,False,False
600,-0.30000000000000004,1,True,False,False,False
829,-0.30000000000000004,0,True,False,False,False
196,-0.30000000000000004,0,True,False,False,False
582,-0.30000000000000004,0,True,False,False,False
1972,-0.30000000000000004,1,True,False,False,False
883,-0.30000000000000004,0,True,False,False,False
567,-0.30000000000000004,1,True,False,False,False
559,-0.30000000000000004,0,True,False,False,False
2496,-0.30000000000000004,0,True,False,False,False
3514,-0.30000000000000004,0,True,False,False,False
1230,-0.30000000000000004,0,True,False,False,False
1660,-0.30000000000000004,0,True,False,False,False
3278,-0.30000000000000004,0,True,False,False,False
3284,-0.30000000000000004,1,True,False,False,False
1644,-0.30000000000000004,1,True,False,False,False
3292,-0.30000000000000004,1,True,False,False,False
2435,-0.30000000000000004,1,True,False,False,False
1637,-0.30000000000000004,1,True,False,False,False
1320,-0.30000000000000004,1,True,False,False,False
314,-0.30000000000000004,1,True,False,False,False
2163,-0.30000000000000004,1,True,False,False,False
2452,-0.30000000000000004,0,True,False,False,False
1598,-0.30000000000000004,0,True,False,False,False
2287,-0.30000000000000004,1,True,False,False,False
2353,-0.30000000000000004,1,True,False,False,False
273,-0.30000000000000004,0,True,False,False,False
245,-0.30000000000000004,1,True,False,False,False
1246,-0.30000000000000004,0,True,False,False,False
1423,-0.30000000000000004,0,True,False,False,False
1404,-0.30000000000000004,0,True,False,False,False
2341,-0.30000000000000004,1,True,False,False,False
2104,-0.30000000000000004,0,True,False,False,False
120,-0.30000000000000004,1,True,False,False,False
1674,-0.30000000000000004,1,True,False,False,False
3039,-0.4,0,True,False,False,False
2739,-0.4,1,True,False,False,False
2988,-0.4,0,True,False,False,False
181,-0.4,0,True,False,False,False
2260,-0.4,0,True,False,False,False
333,-0.4,1,True,False,False,False
1400,-0.4,1,True,False,False,False
2416,-0.4,1,True,False,False,False
856,-0.4,1,True,False,False,False
855,-0.4,0,True,False,False,False
2157,-0.4,1,True,False,False,False
1383,-0.4,0,True,False,False,False
663,-0.4,0,True,False,False,False
2937,-0.4,0,True,False,False,False
3535,-0.4,0,True,False,False,False
3260,-0.4,1,True,False,False,False
3480,-0.4,0,True,False,False,False
1076,-0.4,1,True,False,False,False
173,-0.4,1,True,False,False,False
420,-0.4,0,True,False,False,False
3222,-0.4,0,True,False,False,False
2530,-0.4,0,True,False,False,False
2279,-0.4,1,True,False,False,False
1662,-0.4,1,True,False,False,False
2607,-0.4,1,True,False,False,False
128,-0.4,1,True,False,False,False
2083,-0.4,0,True,False,False,False
2458,-0.4,0,True,False,False,False
3255,-0.4,1,True,False,False,False
3244,-0.5,0,True,False,False,False
1879,-0.5,1,True,False,False,False
629,-0.5,0,True,False,False,False
2511,-0.5,0,True,False,False,False
1929,-0.5,1,True,False,False,False
1536,-0.5,1,True,False,False,False
2472,-0.5,1,True,False,False,False
2172,-0.5,0,True,False,False,False
1203,-0.5,0,True,False,False,False
2663,-0.5,1,True,False,False,False
503,-0.5,0,True,False,False,False
2410,-0.5,0,True,False,False,False
3474,-0.5,1,True,False,False,False
1749,-0.5,0,True,False,False,False
380,-0.5,1,True,False,False,False
920,-0.5,0,True,False,False,False
3295,-0.5,0,True,False,False,False
1739,-0.5,1,True,False,False,False
1095,-0.6,1,True,False,False,False
446,-0.6,1,True,False,False,False
1232,-0.6,0,True,False,False,False
86,-0.6,0,True,False,False,False
2378,-0.6,1,True,False,False,False
2774,-0.6,1,True,False,False,False
480,-0.6,1,True,False,False,False
1141,-0.6,0,True,False,False,False
2572,-0.6,1,True,False,False,False
2611,-0.7,1,True,False,False,False
123,-0.7,1,True,False,False,False
2235,-0.7,1,True,False,False,False
3359,-0.7,1,True,False,False,False
367,-0.7,1,True,False,False,False
2169,-0.7,1,True,False,False,False
3268,-0.7999999999999999,1,True,False,False,False
3082,-0.7999999999999999,1,True,False,False,False
2461,-0.7999999999999999,1,True,False,False,False
3466,-0.7999999999999999,0,True,False,False,False
2731,-0.7999999999999999,1,True,False,False,False
2399,-0.7999999999999999,0,True,False,False,False
1462,-0.8999999999999999,1,True,False,False,False
1031,-1.3,1,True,False,False,False
1393,-1.5000000000000002,0,True,False,False,False
