Host: se295
Date: Wed Apr  8 22:36:02 PDT 2026
Python: /home/daggarwa/venvs/xray_gpu/bin/python
Python 3.11.6
Wed Apr  8 22:36:02 2026       
+-----------------------------------------------------------------------------------------+
| NVIDIA-SMI 570.211.01             Driver Version: 570.211.01     CUDA Version: 12.8     |
|-----------------------------------------+------------------------+----------------------+
| GPU  Name                 Persistence-M | Bus-Id          Disp.A | Volatile Uncorr. ECC |
| Fan  Temp   Perf          Pwr:Usage/Cap |           Memory-Usage | GPU-Util  Compute M. |
|                                         |                        |               MIG M. |
|=========================================+========================+======================|
|   0  Tesla V100-SXM2-32GB           On  |   00000000:18:00.0 Off |                    0 |
| N/A   45C    P0             44W /  300W |       0MiB /  32768MiB |      0%      Default |
|                                         |                        |                  N/A |
+-----------------------------------------+------------------------+----------------------+
                                                                                         
+-----------------------------------------------------------------------------------------+
| Processes:                                                                              |
|  GPU   GI   CI              PID   Type   Process name                        GPU Memory |
|        ID   ID                                                               Usage      |
|=========================================================================================|
|  No running processes found                                                             |
+-----------------------------------------------------------------------------------------+
RUN_DIR: /scratch/st-rohling-1/2025_capstone/final_runs/OT/
DATA_ROOT: /arc/project/st-rohling-1/2025_capstone/archive
OUT_DIR: /scratch/st-rohling-1/2025_capstone/final_runs/OT//out_10262953
PRETRAINED_PATH: /scratch/st-rohling-1/2025_capstone/xray_runs/run_001/.torch_cache/hub/checkpoints/densenet121-a639ec97.pth
TORCH_HOME: /scratch/st-rohling-1/2025_capstone/final_runs/OT//.torch_cache
CPUS: 16
MEM: 32G
TIME: 36:00:00
TORCH_HOME set to: /scratch/st-rohling-1/2025_capstone/final_runs/OT//.torch_cache
Using device: cuda
Loaded pretrained weights from: /scratch/st-rohling-1/2025_capstone/xray_runs/run_001/.torch_cache/hub/checkpoints/densenet121-a639ec97.pth
[full_100pct] Epoch 1/30 | lr=1.00e-03 | train_loss=0.6480 train_acc=0.6303 | val_loss=0.6240 val_acc@0.5=0.6646 | val_auc=0.6977 best_thr=0.436 val_acc@thr=0.6575
[full_100pct] Epoch 2/30 | lr=1.00e-03 | train_loss=0.6402 train_acc=0.6405 | val_loss=0.6221 val_acc@0.5=0.6633 | val_auc=0.7005 best_thr=0.433 val_acc@thr=0.6630
[full_100pct] Epoch 3/30 | lr=1.00e-03 | train_loss=0.6411 train_acc=0.6411 | val_loss=0.6260 val_acc@0.5=0.6488 | val_auc=0.6995 best_thr=0.369 val_acc@thr=0.6509
[full_100pct] Epoch 4/30 | lr=1.00e-03 | train_loss=0.6431 train_acc=0.6377 | val_loss=0.6309 val_acc@0.5=0.6424 | val_auc=0.6989 best_thr=0.369 val_acc@thr=0.6663
[full_100pct] Epoch 5/30 | lr=1.00e-03 | train_loss=0.6387 train_acc=0.6432 | val_loss=0.6209 val_acc@0.5=0.6661 | val_auc=0.7022 best_thr=0.431 val_acc@thr=0.6634
[full_100pct] Unfreezing denseblock4 + norm5 at epoch 6
[full_100pct] Epoch 6/30 | lr=1.00e-04 | train_loss=0.6160 train_acc=0.6718 | val_loss=0.5994 val_acc@0.5=0.6837 | val_auc=0.7316 best_thr=0.401 val_acc@thr=0.6812
[full_100pct] Epoch 7/30 | lr=1.00e-04 | train_loss=0.6006 train_acc=0.6829 | val_loss=0.5946 val_acc@0.5=0.6850 | val_auc=0.7362 best_thr=0.362 val_acc@thr=0.6700
[full_100pct] Epoch 8/30 | lr=1.00e-04 | train_loss=0.5912 train_acc=0.6937 | val_loss=0.5960 val_acc@0.5=0.6898 | val_auc=0.7382 best_thr=0.355 val_acc@thr=0.6793
[full_100pct] Epoch 9/30 | lr=1.00e-04 | train_loss=0.5863 train_acc=0.6963 | val_loss=0.5937 val_acc@0.5=0.6922 | val_auc=0.7383 best_thr=0.393 val_acc@thr=0.6857
[full_100pct] Epoch 10/30 | lr=1.00e-04 | train_loss=0.5818 train_acc=0.7001 | val_loss=0.5950 val_acc@0.5=0.6917 | val_auc=0.7378 best_thr=0.508 val_acc@thr=0.6942
[full_100pct] Epoch 11/30 | lr=1.00e-04 | train_loss=0.5769 train_acc=0.7058 | val_loss=0.5990 val_acc@0.5=0.6941 | val_auc=0.7429 best_thr=0.330 val_acc@thr=0.6846
[full_100pct] Epoch 12/30 | lr=1.00e-04 | train_loss=0.5724 train_acc=0.7095 | val_loss=0.5927 val_acc@0.5=0.6938 | val_auc=0.7398 best_thr=0.403 val_acc@thr=0.6876
[full_100pct] Epoch 13/30 | lr=1.00e-04 | train_loss=0.5675 train_acc=0.7118 | val_loss=0.5918 val_acc@0.5=0.6953 | val_auc=0.7423 best_thr=0.406 val_acc@thr=0.6924
[full_100pct] Epoch 14/30 | lr=1.00e-04 | train_loss=0.5639 train_acc=0.7152 | val_loss=0.5950 val_acc@0.5=0.6974 | val_auc=0.7461 best_thr=0.338 val_acc@thr=0.6857
[full_100pct] Epoch 15/30 | lr=1.00e-04 | train_loss=0.5589 train_acc=0.7190 | val_loss=0.6058 val_acc@0.5=0.6956 | val_auc=0.7425 best_thr=0.469 val_acc@thr=0.6953
[full_100pct] Epoch 16/30 | lr=1.00e-04 | train_loss=0.5564 train_acc=0.7203 | val_loss=0.5957 val_acc@0.5=0.6954 | val_auc=0.7398 best_thr=0.421 val_acc@thr=0.6868
[full_100pct] Epoch 17/30 | lr=5.00e-05 | train_loss=0.5513 train_acc=0.7242 | val_loss=0.6034 val_acc@0.5=0.6914 | val_auc=0.7417 best_thr=0.340 val_acc@thr=0.6819
[full_100pct] Epoch 18/30 | lr=5.00e-05 | train_loss=0.5394 train_acc=0.7316 | val_loss=0.6058 val_acc@0.5=0.6937 | val_auc=0.7409 best_thr=0.433 val_acc@thr=0.6877
[full_100pct] Epoch 19/30 | lr=5.00e-05 | train_loss=0.5334 train_acc=0.7350 | val_loss=0.6129 val_acc@0.5=0.6880 | val_auc=0.7380 best_thr=0.471 val_acc@thr=0.6849
[full_100pct] Early stopping: val_auc did not improve for 5 epochs.
Loaded pretrained weights from: /scratch/st-rohling-1/2025_capstone/xray_runs/run_001/.torch_cache/hub/checkpoints/densenet121-a639ec97.pth
[subset_top_95pct] Epoch 1/30 | lr=1.00e-03 | train_loss=0.6233 train_acc=0.6561 | val_loss=0.6228 val_acc@0.5=0.6610 | val_auc=0.6985 best_thr=0.404 val_acc@thr=0.6623
[subset_top_95pct] Epoch 2/30 | lr=1.00e-03 | train_loss=0.6157 train_acc=0.6660 | val_loss=0.6207 val_acc@0.5=0.6619 | val_auc=0.6991 best_thr=0.427 val_acc@thr=0.6523
[subset_top_95pct] Epoch 3/30 | lr=1.00e-03 | train_loss=0.6152 train_acc=0.6668 | val_loss=0.6308 val_acc@0.5=0.6462 | val_auc=0.7012 best_thr=0.340 val_acc@thr=0.6578
[subset_top_95pct] Epoch 4/30 | lr=1.00e-03 | train_loss=0.6151 train_acc=0.6673 | val_loss=0.6290 val_acc@0.5=0.6597 | val_auc=0.7041 best_thr=0.498 val_acc@thr=0.6601
[subset_top_95pct] Epoch 5/30 | lr=1.00e-03 | train_loss=0.6145 train_acc=0.6671 | val_loss=0.6198 val_acc@0.5=0.6646 | val_auc=0.7009 best_thr=0.435 val_acc@thr=0.6644
[subset_top_95pct] Unfreezing denseblock4 + norm5 at epoch 6
[subset_top_95pct] Epoch 6/30 | lr=1.00e-04 | train_loss=0.5777 train_acc=0.7017 | val_loss=0.6148 val_acc@0.5=0.6867 | val_auc=0.7351 best_thr=0.440 val_acc@thr=0.6856
[subset_top_95pct] Epoch 7/30 | lr=1.00e-04 | train_loss=0.5567 train_acc=0.7161 | val_loss=0.6139 val_acc@0.5=0.6892 | val_auc=0.7394 best_thr=0.396 val_acc@thr=0.6896
[subset_top_95pct] Epoch 8/30 | lr=1.00e-04 | train_loss=0.5454 train_acc=0.7256 | val_loss=0.5985 val_acc@0.5=0.6896 | val_auc=0.7433 best_thr=0.383 val_acc@thr=0.6850
[subset_top_95pct] Epoch 9/30 | lr=1.00e-04 | train_loss=0.5377 train_acc=0.7311 | val_loss=0.5979 val_acc@0.5=0.6979 | val_auc=0.7458 best_thr=0.390 val_acc@thr=0.6904
[subset_top_95pct] Epoch 10/30 | lr=1.00e-04 | train_loss=0.5319 train_acc=0.7336 | val_loss=0.5932 val_acc@0.5=0.6952 | val_auc=0.7471 best_thr=0.396 val_acc@thr=0.6865
[subset_top_95pct] Epoch 11/30 | lr=1.00e-04 | train_loss=0.5262 train_acc=0.7383 | val_loss=0.6000 val_acc@0.5=0.6960 | val_auc=0.7470 best_thr=0.411 val_acc@thr=0.6867
[subset_top_95pct] Epoch 12/30 | lr=1.00e-04 | train_loss=0.5199 train_acc=0.7419 | val_loss=0.6118 val_acc@0.5=0.6963 | val_auc=0.7454 best_thr=0.348 val_acc@thr=0.6823
[subset_top_95pct] Epoch 13/30 | lr=1.00e-04 | train_loss=0.5162 train_acc=0.7445 | val_loss=0.5984 val_acc@0.5=0.6907 | val_auc=0.7484 best_thr=0.456 val_acc@thr=0.6864
[subset_top_95pct] Epoch 14/30 | lr=1.00e-04 | train_loss=0.5114 train_acc=0.7483 | val_loss=0.6100 val_acc@0.5=0.6982 | val_auc=0.7489 best_thr=0.478 val_acc@thr=0.6974
[subset_top_95pct] Epoch 15/30 | lr=1.00e-04 | train_loss=0.5052 train_acc=0.7514 | val_loss=0.6163 val_acc@0.5=0.6951 | val_auc=0.7460 best_thr=0.371 val_acc@thr=0.6902
[subset_top_95pct] Epoch 16/30 | lr=1.00e-04 | train_loss=0.5001 train_acc=0.7526 | val_loss=0.6416 val_acc@0.5=0.6978 | val_auc=0.7495 best_thr=0.338 val_acc@thr=0.6897
[subset_top_95pct] Epoch 17/30 | lr=1.00e-04 | train_loss=0.4973 train_acc=0.7553 | val_loss=0.6402 val_acc@0.5=0.6936 | val_auc=0.7492 best_thr=0.320 val_acc@thr=0.6846
[subset_top_95pct] Epoch 18/30 | lr=1.00e-04 | train_loss=0.4907 train_acc=0.7604 | val_loss=0.6211 val_acc@0.5=0.6985 | val_auc=0.7473 best_thr=0.423 val_acc@thr=0.6960
[subset_top_95pct] Epoch 19/30 | lr=5.00e-05 | train_loss=0.4870 train_acc=0.7620 | val_loss=0.6160 val_acc@0.5=0.6965 | val_auc=0.7491 best_thr=0.402 val_acc@thr=0.6893
[subset_top_95pct] Epoch 20/30 | lr=5.00e-05 | train_loss=0.4732 train_acc=0.7701 | val_loss=0.6351 val_acc@0.5=0.6927 | val_auc=0.7457 best_thr=0.470 val_acc@thr=0.6914
[subset_top_95pct] Epoch 21/30 | lr=5.00e-05 | train_loss=0.4658 train_acc=0.7735 | val_loss=0.6571 val_acc@0.5=0.6952 | val_auc=0.7452 best_thr=0.345 val_acc@thr=0.6807
[subset_top_95pct] Early stopping: val_auc did not improve for 5 epochs.
Loaded pretrained weights from: /scratch/st-rohling-1/2025_capstone/xray_runs/run_001/.torch_cache/hub/checkpoints/densenet121-a639ec97.pth
[subset_bottom_95pct] Epoch 1/30 | lr=1.00e-03 | train_loss=0.6585 train_acc=0.6159 | val_loss=0.6395 val_acc@0.5=0.6470 | val_auc=0.6965 best_thr=0.505 val_acc@thr=0.6514
[subset_bottom_95pct] Epoch 2/30 | lr=1.00e-03 | train_loss=0.6505 train_acc=0.6289 | val_loss=0.6278 val_acc@0.5=0.6635 | val_auc=0.6945 best_thr=0.455 val_acc@thr=0.6551
[subset_bottom_95pct] Epoch 3/30 | lr=1.00e-03 | train_loss=0.6509 train_acc=0.6268 | val_loss=0.6254 val_acc@0.5=0.6639 | val_auc=0.6987 best_thr=0.447 val_acc@thr=0.6607
[subset_bottom_95pct] Epoch 4/30 | lr=1.00e-03 | train_loss=0.6497 train_acc=0.6302 | val_loss=0.6300 val_acc@0.5=0.6623 | val_auc=0.6927 best_thr=0.479 val_acc@thr=0.6571
[subset_bottom_95pct] Epoch 5/30 | lr=1.00e-03 | train_loss=0.6510 train_acc=0.6294 | val_loss=0.6361 val_acc@0.5=0.6500 | val_auc=0.6992 best_thr=0.521 val_acc@thr=0.6619
[subset_bottom_95pct] Unfreezing denseblock4 + norm5 at epoch 6
[subset_bottom_95pct] Epoch 6/30 | lr=1.00e-04 | train_loss=0.6288 train_acc=0.6579 | val_loss=0.5994 val_acc@0.5=0.6850 | val_auc=0.7303 best_thr=0.395 val_acc@thr=0.6753
[subset_bottom_95pct] Epoch 7/30 | lr=1.00e-04 | train_loss=0.6152 train_acc=0.6733 | val_loss=0.5967 val_acc@0.5=0.6874 | val_auc=0.7343 best_thr=0.442 val_acc@thr=0.6860
[subset_bottom_95pct] Epoch 8/30 | lr=1.00e-04 | train_loss=0.6081 train_acc=0.6794 | val_loss=0.5966 val_acc@0.5=0.6892 | val_auc=0.7348 best_thr=0.403 val_acc@thr=0.6787
[subset_bottom_95pct] Epoch 9/30 | lr=1.00e-04 | train_loss=0.6018 train_acc=0.6857 | val_loss=0.5942 val_acc@0.5=0.6897 | val_auc=0.7368 best_thr=0.423 val_acc@thr=0.6869
[subset_bottom_95pct] Epoch 10/30 | lr=1.00e-04 | train_loss=0.5972 train_acc=0.6902 | val_loss=0.6002 val_acc@0.5=0.6879 | val_auc=0.7370 best_thr=0.474 val_acc@thr=0.6875
[subset_bottom_95pct] Epoch 11/30 | lr=1.00e-04 | train_loss=0.5932 train_acc=0.6917 | val_loss=0.6104 val_acc@0.5=0.6789 | val_auc=0.7377 best_thr=0.314 val_acc@thr=0.6844
[subset_bottom_95pct] Epoch 12/30 | lr=1.00e-04 | train_loss=0.5885 train_acc=0.6949 | val_loss=0.5968 val_acc@0.5=0.6929 | val_auc=0.7355 best_thr=0.426 val_acc@thr=0.6938
[subset_bottom_95pct] Epoch 13/30 | lr=1.00e-04 | train_loss=0.5856 train_acc=0.6978 | val_loss=0.5944 val_acc@0.5=0.6988 | val_auc=0.7388 best_thr=0.425 val_acc@thr=0.6972
[subset_bottom_95pct] Epoch 14/30 | lr=1.00e-04 | train_loss=0.5797 train_acc=0.7026 | val_loss=0.5972 val_acc@0.5=0.6937 | val_auc=0.7354 best_thr=0.391 val_acc@thr=0.6883
[subset_bottom_95pct] Epoch 15/30 | lr=1.00e-04 | train_loss=0.5776 train_acc=0.7040 | val_loss=0.6079 val_acc@0.5=0.6819 | val_auc=0.7296 best_thr=0.443 val_acc@thr=0.6706
[subset_bottom_95pct] Epoch 16/30 | lr=5.00e-05 | train_loss=0.5714 train_acc=0.7091 | val_loss=0.6036 val_acc@0.5=0.6889 | val_auc=0.7316 best_thr=0.473 val_acc@thr=0.6886
[subset_bottom_95pct] Epoch 17/30 | lr=5.00e-05 | train_loss=0.5606 train_acc=0.7163 | val_loss=0.6120 val_acc@0.5=0.6809 | val_auc=0.7264 best_thr=0.415 val_acc@thr=0.6697
[subset_bottom_95pct] Epoch 18/30 | lr=5.00e-05 | train_loss=0.5542 train_acc=0.7202 | val_loss=0.6157 val_acc@0.5=0.6812 | val_auc=0.7250 best_thr=0.415 val_acc@thr=0.6718
[subset_bottom_95pct] Early stopping: val_auc did not improve for 5 epochs.
Loaded pretrained weights from: /scratch/st-rohling-1/2025_capstone/xray_runs/run_001/.torch_cache/hub/checkpoints/densenet121-a639ec97.pth
[subset_top_90pct] Epoch 1/30 | lr=1.00e-03 | train_loss=0.5936 train_acc=0.6839 | val_loss=0.6255 val_acc@0.5=0.6608 | val_auc=0.7013 best_thr=0.388 val_acc@thr=0.6645
[subset_top_90pct] Epoch 2/30 | lr=1.00e-03 | train_loss=0.5846 train_acc=0.6962 | val_loss=0.6201 val_acc@0.5=0.6672 | val_auc=0.7010 best_thr=0.417 val_acc@thr=0.6597
[subset_top_90pct] Epoch 3/30 | lr=1.00e-03 | train_loss=0.5839 train_acc=0.6960 | val_loss=0.6199 val_acc@0.5=0.6701 | val_auc=0.7024 best_thr=0.456 val_acc@thr=0.6626
[subset_top_90pct] Epoch 4/30 | lr=1.00e-03 | train_loss=0.5841 train_acc=0.6966 | val_loss=0.6266 val_acc@0.5=0.6598 | val_auc=0.7010 best_thr=0.366 val_acc@thr=0.6633
[subset_top_90pct] Epoch 5/30 | lr=1.00e-03 | train_loss=0.5814 train_acc=0.6965 | val_loss=0.6207 val_acc@0.5=0.6675 | val_auc=0.7042 best_thr=0.386 val_acc@thr=0.6626
[subset_top_90pct] Unfreezing denseblock4 + norm5 at epoch 6
[subset_top_90pct] Epoch 6/30 | lr=1.00e-04 | train_loss=0.5279 train_acc=0.7398 | val_loss=0.6347 val_acc@0.5=0.6853 | val_auc=0.7344 best_thr=0.344 val_acc@thr=0.6839
[subset_top_90pct] Epoch 7/30 | lr=1.00e-04 | train_loss=0.5049 train_acc=0.7529 | val_loss=0.6274 val_acc@0.5=0.6920 | val_auc=0.7410 best_thr=0.366 val_acc@thr=0.6860
[subset_top_90pct] Epoch 8/30 | lr=1.00e-04 | train_loss=0.4912 train_acc=0.7628 | val_loss=0.6398 val_acc@0.5=0.6922 | val_auc=0.7421 best_thr=0.396 val_acc@thr=0.6862
[subset_top_90pct] Epoch 9/30 | lr=1.00e-04 | train_loss=0.4812 train_acc=0.7674 | val_loss=0.6385 val_acc@0.5=0.6980 | val_auc=0.7501 best_thr=0.352 val_acc@thr=0.6893
[subset_top_90pct] Epoch 10/30 | lr=1.00e-04 | train_loss=0.4720 train_acc=0.7733 | val_loss=0.6247 val_acc@0.5=0.6979 | val_auc=0.7508 best_thr=0.416 val_acc@thr=0.6919
[subset_top_90pct] Epoch 11/30 | lr=1.00e-04 | train_loss=0.4674 train_acc=0.7769 | val_loss=0.6257 val_acc@0.5=0.7006 | val_auc=0.7507 best_thr=0.396 val_acc@thr=0.6921
[subset_top_90pct] Epoch 12/30 | lr=1.00e-04 | train_loss=0.4596 train_acc=0.7788 | val_loss=0.6490 val_acc@0.5=0.7002 | val_auc=0.7490 best_thr=0.453 val_acc@thr=0.7001
[subset_top_90pct] Epoch 13/30 | lr=5.00e-05 | train_loss=0.4569 train_acc=0.7807 | val_loss=0.6485 val_acc@0.5=0.6985 | val_auc=0.7499 best_thr=0.334 val_acc@thr=0.6898
[subset_top_90pct] Epoch 14/30 | lr=5.00e-05 | train_loss=0.4425 train_acc=0.7884 | val_loss=0.6526 val_acc@0.5=0.6998 | val_auc=0.7540 best_thr=0.360 val_acc@thr=0.6935
[subset_top_90pct] Epoch 15/30 | lr=5.00e-05 | train_loss=0.4368 train_acc=0.7920 | val_loss=0.6504 val_acc@0.5=0.7025 | val_auc=0.7546 best_thr=0.444 val_acc@thr=0.7040
[subset_top_90pct] Epoch 16/30 | lr=5.00e-05 | train_loss=0.4344 train_acc=0.7930 | val_loss=0.6698 val_acc@0.5=0.7005 | val_auc=0.7542 best_thr=0.411 val_acc@thr=0.7005
[subset_top_90pct] Epoch 17/30 | lr=5.00e-05 | train_loss=0.4275 train_acc=0.7952 | val_loss=0.6555 val_acc@0.5=0.7021 | val_auc=0.7541 best_thr=0.370 val_acc@thr=0.7005
[subset_top_90pct] Epoch 18/30 | lr=5.00e-05 | train_loss=0.4215 train_acc=0.8010 | val_loss=0.6757 val_acc@0.5=0.7031 | val_auc=0.7570 best_thr=0.351 val_acc@thr=0.6972
[subset_top_90pct] Epoch 19/30 | lr=5.00e-05 | train_loss=0.4206 train_acc=0.8019 | val_loss=0.6602 val_acc@0.5=0.7026 | val_auc=0.7563 best_thr=0.340 val_acc@thr=0.6949
[subset_top_90pct] Epoch 20/30 | lr=5.00e-05 | train_loss=0.4160 train_acc=0.8026 | val_loss=0.6901 val_acc@0.5=0.7043 | val_auc=0.7571 best_thr=0.303 val_acc@thr=0.6938
[subset_top_90pct] Epoch 21/30 | lr=2.50e-05 | train_loss=0.4149 train_acc=0.8043 | val_loss=0.6710 val_acc@0.5=0.7023 | val_auc=0.7548 best_thr=0.433 val_acc@thr=0.7021
[subset_top_90pct] Epoch 22/30 | lr=2.50e-05 | train_loss=0.4042 train_acc=0.8100 | val_loss=0.7064 val_acc@0.5=0.7006 | val_auc=0.7579 best_thr=0.302 val_acc@thr=0.6949
[subset_top_90pct] Epoch 23/30 | lr=2.50e-05 | train_loss=0.4015 train_acc=0.8104 | val_loss=0.6931 val_acc@0.5=0.7039 | val_auc=0.7577 best_thr=0.369 val_acc@thr=0.6996
[subset_top_90pct] Epoch 24/30 | lr=2.50e-05 | train_loss=0.3979 train_acc=0.8122 | val_loss=0.7169 val_acc@0.5=0.7002 | val_auc=0.7573 best_thr=0.322 val_acc@thr=0.7033
[subset_top_90pct] Epoch 25/30 | lr=1.25e-05 | train_loss=0.3928 train_acc=0.8178 | val_loss=0.6754 val_acc@0.5=0.7013 | val_auc=0.7548 best_thr=0.377 val_acc@thr=0.6978
[subset_top_90pct] Epoch 26/30 | lr=1.25e-05 | train_loss=0.3899 train_acc=0.8186 | val_loss=0.6985 val_acc@0.5=0.7016 | val_auc=0.7571 best_thr=0.341 val_acc@thr=0.7016
[subset_top_90pct] Epoch 27/30 | lr=1.25e-05 | train_loss=0.3843 train_acc=0.8221 | val_loss=0.6942 val_acc@0.5=0.7000 | val_auc=0.7562 best_thr=0.316 val_acc@thr=0.6959
[subset_top_90pct] Early stopping: val_auc did not improve for 5 epochs.
Loaded pretrained weights from: /scratch/st-rohling-1/2025_capstone/xray_runs/run_001/.torch_cache/hub/checkpoints/densenet121-a639ec97.pth
[subset_bottom_90pct] Epoch 1/30 | lr=1.00e-03 | train_loss=0.6679 train_acc=0.6002 | val_loss=0.6483 val_acc@0.5=0.6379 | val_auc=0.6969 best_thr=0.547 val_acc@thr=0.6664
[subset_bottom_90pct] Epoch 2/30 | lr=1.00e-03 | train_loss=0.6617 train_acc=0.6098 | val_loss=0.6330 val_acc@0.5=0.6619 | val_auc=0.6899 best_thr=0.466 val_acc@thr=0.6544
[subset_bottom_90pct] Epoch 3/30 | lr=1.00e-03 | train_loss=0.6614 train_acc=0.6121 | val_loss=0.6328 val_acc@0.5=0.6593 | val_auc=0.6880 best_thr=0.475 val_acc@thr=0.6570
[subset_bottom_90pct] Epoch 4/30 | lr=5.00e-04 | train_loss=0.6605 train_acc=0.6120 | val_loss=0.6352 val_acc@0.5=0.6630 | val_auc=0.6904 best_thr=0.494 val_acc@thr=0.6631
[subset_bottom_90pct] Epoch 5/30 | lr=5.00e-04 | train_loss=0.6568 train_acc=0.6152 | val_loss=0.6299 val_acc@0.5=0.6637 | val_auc=0.6946 best_thr=0.461 val_acc@thr=0.6557
[subset_bottom_90pct] Unfreezing denseblock4 + norm5 at epoch 6
[subset_bottom_90pct] Epoch 6/30 | lr=1.00e-04 | train_loss=0.6409 train_acc=0.6428 | val_loss=0.6035 val_acc@0.5=0.6891 | val_auc=0.7260 best_thr=0.433 val_acc@thr=0.6782
[subset_bottom_90pct] Epoch 7/30 | lr=1.00e-04 | train_loss=0.6302 train_acc=0.6569 | val_loss=0.6000 val_acc@0.5=0.6898 | val_auc=0.7319 best_thr=0.442 val_acc@thr=0.6847
[subset_bottom_90pct] Epoch 8/30 | lr=1.00e-04 | train_loss=0.6232 train_acc=0.6626 | val_loss=0.6060 val_acc@0.5=0.6874 | val_auc=0.7193 best_thr=0.427 val_acc@thr=0.6833
[subset_bottom_90pct] Epoch 9/30 | lr=1.00e-04 | train_loss=0.6193 train_acc=0.6669 | val_loss=0.6010 val_acc@0.5=0.6861 | val_auc=0.7294 best_thr=0.408 val_acc@thr=0.6877
[subset_bottom_90pct] Epoch 10/30 | lr=1.00e-04 | train_loss=0.6153 train_acc=0.6705 | val_loss=0.5946 val_acc@0.5=0.6929 | val_auc=0.7359 best_thr=0.421 val_acc@thr=0.6924
[subset_bottom_90pct] Epoch 11/30 | lr=1.00e-04 | train_loss=0.6101 train_acc=0.6754 | val_loss=0.6011 val_acc@0.5=0.6927 | val_auc=0.7326 best_thr=0.424 val_acc@thr=0.6811
[subset_bottom_90pct] Epoch 12/30 | lr=1.00e-04 | train_loss=0.6060 train_acc=0.6803 | val_loss=0.6033 val_acc@0.5=0.6884 | val_auc=0.7297 best_thr=0.420 val_acc@thr=0.6790
[subset_bottom_90pct] Epoch 13/30 | lr=5.00e-05 | train_loss=0.6014 train_acc=0.6838 | val_loss=0.6025 val_acc@0.5=0.6874 | val_auc=0.7319 best_thr=0.433 val_acc@thr=0.6868
[subset_bottom_90pct] Epoch 14/30 | lr=5.00e-05 | train_loss=0.5910 train_acc=0.6918 | val_loss=0.6063 val_acc@0.5=0.6884 | val_auc=0.7263 best_thr=0.420 val_acc@thr=0.6848
[subset_bottom_90pct] Epoch 15/30 | lr=5.00e-05 | train_loss=0.5888 train_acc=0.6954 | val_loss=0.6060 val_acc@0.5=0.6865 | val_auc=0.7242 best_thr=0.364 val_acc@thr=0.6672
[subset_bottom_90pct] Early stopping: val_auc did not improve for 5 epochs.
Loaded pretrained weights from: /scratch/st-rohling-1/2025_capstone/xray_runs/run_001/.torch_cache/hub/checkpoints/densenet121-a639ec97.pth
[subset_top_85pct] Epoch 1/30 | lr=1.00e-03 | train_loss=0.5618 train_acc=0.7123 | val_loss=0.6336 val_acc@0.5=0.6626 | val_auc=0.6992 best_thr=0.385 val_acc@thr=0.6623
[subset_top_85pct] Epoch 2/30 | lr=1.00e-03 | train_loss=0.5457 train_acc=0.7252 | val_loss=0.6298 val_acc@0.5=0.6656 | val_auc=0.7018 best_thr=0.497 val_acc@thr=0.6659
[subset_top_85pct] Epoch 3/30 | lr=1.00e-03 | train_loss=0.5446 train_acc=0.7271 | val_loss=0.6278 val_acc@0.5=0.6716 | val_auc=0.7006 best_thr=0.443 val_acc@thr=0.6647
[subset_top_85pct] Epoch 4/30 | lr=1.00e-03 | train_loss=0.5465 train_acc=0.7262 | val_loss=0.6266 val_acc@0.5=0.6718 | val_auc=0.7019 best_thr=0.465 val_acc@thr=0.6681
[subset_top_85pct] Epoch 5/30 | lr=5.00e-04 | train_loss=0.5450 train_acc=0.7280 | val_loss=0.6401 val_acc@0.5=0.6619 | val_auc=0.7009 best_thr=0.378 val_acc@thr=0.6699
[subset_top_85pct] Unfreezing denseblock4 + norm5 at epoch 6
[subset_top_85pct] Epoch 6/30 | lr=1.00e-04 | train_loss=0.4775 train_acc=0.7739 | val_loss=0.6824 val_acc@0.5=0.6930 | val_auc=0.7379 best_thr=0.415 val_acc@thr=0.6922
[subset_top_85pct] Epoch 7/30 | lr=1.00e-04 | train_loss=0.4477 train_acc=0.7905 | val_loss=0.7044 val_acc@0.5=0.6936 | val_auc=0.7439 best_thr=0.192 val_acc@thr=0.6729
[subset_top_85pct] Epoch 8/30 | lr=1.00e-04 | train_loss=0.4294 train_acc=0.7998 | val_loss=0.6779 val_acc@0.5=0.6966 | val_auc=0.7473 best_thr=0.407 val_acc@thr=0.6964
[subset_top_85pct] Epoch 9/30 | lr=1.00e-04 | train_loss=0.4184 train_acc=0.8048 | val_loss=0.7102 val_acc@0.5=0.6967 | val_auc=0.7476 best_thr=0.319 val_acc@thr=0.6912
[subset_top_85pct] Epoch 10/30 | lr=1.00e-04 | train_loss=0.4105 train_acc=0.8086 | val_loss=0.6921 val_acc@0.5=0.6983 | val_auc=0.7507 best_thr=0.264 val_acc@thr=0.6929
[subset_top_85pct] Epoch 11/30 | lr=1.00e-04 | train_loss=0.4059 train_acc=0.8112 | val_loss=0.6850 val_acc@0.5=0.7006 | val_auc=0.7530 best_thr=0.397 val_acc@thr=0.7008
[subset_top_85pct] Epoch 12/30 | lr=1.00e-04 | train_loss=0.3950 train_acc=0.8175 | val_loss=0.7515 val_acc@0.5=0.7055 | val_auc=0.7525 best_thr=0.279 val_acc@thr=0.6993
[subset_top_85pct] Epoch 13/30 | lr=1.00e-04 | train_loss=0.3901 train_acc=0.8195 | val_loss=0.6745 val_acc@0.5=0.7024 | val_auc=0.7552 best_thr=0.343 val_acc@thr=0.6975
[subset_top_85pct] Epoch 14/30 | lr=1.00e-04 | train_loss=0.3849 train_acc=0.8217 | val_loss=0.7195 val_acc@0.5=0.7071 | val_auc=0.7568 best_thr=0.319 val_acc@thr=0.6981
[subset_top_85pct] Epoch 15/30 | lr=1.00e-04 | train_loss=0.3783 train_acc=0.8254 | val_loss=0.7418 val_acc@0.5=0.7012 | val_auc=0.7546 best_thr=0.301 val_acc@thr=0.6917
[subset_top_85pct] Epoch 16/30 | lr=1.00e-04 | train_loss=0.3741 train_acc=0.8281 | val_loss=0.7032 val_acc@0.5=0.7031 | val_auc=0.7597 best_thr=0.311 val_acc@thr=0.6973
[subset_top_85pct] Epoch 17/30 | lr=1.00e-04 | train_loss=0.3691 train_acc=0.8307 | val_loss=0.7441 val_acc@0.5=0.7097 | val_auc=0.7580 best_thr=0.322 val_acc@thr=0.7006
[subset_top_85pct] Epoch 18/30 | lr=1.00e-04 | train_loss=0.3607 train_acc=0.8359 | val_loss=0.7598 val_acc@0.5=0.7039 | val_auc=0.7587 best_thr=0.323 val_acc@thr=0.7040
[subset_top_85pct] Epoch 19/30 | lr=5.00e-05 | train_loss=0.3574 train_acc=0.8361 | val_loss=0.7004 val_acc@0.5=0.7052 | val_auc=0.7595 best_thr=0.328 val_acc@thr=0.7035
[subset_top_85pct] Epoch 20/30 | lr=5.00e-05 | train_loss=0.3435 train_acc=0.8439 | val_loss=0.7685 val_acc@0.5=0.7046 | val_auc=0.7586 best_thr=0.306 val_acc@thr=0.7075
[subset_top_85pct] Epoch 21/30 | lr=5.00e-05 | train_loss=0.3394 train_acc=0.8463 | val_loss=0.8080 val_acc@0.5=0.7077 | val_auc=0.7605 best_thr=0.248 val_acc@thr=0.7024
[subset_top_85pct] Epoch 22/30 | lr=5.00e-05 | train_loss=0.3338 train_acc=0.8487 | val_loss=0.7897 val_acc@0.5=0.7086 | val_auc=0.7604 best_thr=0.402 val_acc@thr=0.7077
[subset_top_85pct] Epoch 23/30 | lr=5.00e-05 | train_loss=0.3290 train_acc=0.8519 | val_loss=0.7651 val_acc@0.5=0.7090 | val_auc=0.7601 best_thr=0.425 val_acc@thr=0.7053
[subset_top_85pct] Epoch 24/30 | lr=2.50e-05 | train_loss=0.3247 train_acc=0.8537 | val_loss=0.8220 val_acc@0.5=0.7069 | val_auc=0.7599 best_thr=0.226 val_acc@thr=0.6981
[subset_top_85pct] Epoch 25/30 | lr=2.50e-05 | train_loss=0.3132 train_acc=0.8576 | val_loss=0.8534 val_acc@0.5=0.7109 | val_auc=0.7632 best_thr=0.247 val_acc@thr=0.7053
[subset_top_85pct] Epoch 26/30 | lr=2.50e-05 | train_loss=0.3106 train_acc=0.8609 | val_loss=0.7884 val_acc@0.5=0.7099 | val_auc=0.7622 best_thr=0.290 val_acc@thr=0.6996
[subset_top_85pct] Epoch 27/30 | lr=2.50e-05 | train_loss=0.3080 train_acc=0.8626 | val_loss=0.8561 val_acc@0.5=0.7063 | val_auc=0.7614 best_thr=0.265 val_acc@thr=0.7042
[subset_top_85pct] Epoch 28/30 | lr=1.25e-05 | train_loss=0.3052 train_acc=0.8637 | val_loss=0.8609 val_acc@0.5=0.7114 | val_auc=0.7611 best_thr=0.302 val_acc@thr=0.7024
[subset_top_85pct] Epoch 29/30 | lr=1.25e-05 | train_loss=0.2987 train_acc=0.8664 | val_loss=0.8647 val_acc@0.5=0.7102 | val_auc=0.7612 best_thr=0.292 val_acc@thr=0.7077
[subset_top_85pct] Epoch 30/30 | lr=1.25e-05 | train_loss=0.2973 train_acc=0.8677 | val_loss=0.9211 val_acc@0.5=0.7083 | val_auc=0.7615 best_thr=0.242 val_acc@thr=0.7098
[subset_top_85pct] Early stopping: val_auc did not improve for 5 epochs.
Loaded pretrained weights from: /scratch/st-rohling-1/2025_capstone/xray_runs/run_001/.torch_cache/hub/checkpoints/densenet121-a639ec97.pth
[subset_bottom_85pct] Epoch 1/30 | lr=1.00e-03 | train_loss=0.6742 train_acc=0.5889 | val_loss=0.6405 val_acc@0.5=0.6552 | val_auc=0.6883 best_thr=0.470 val_acc@thr=0.6430
[subset_bottom_85pct] Epoch 2/30 | lr=1.00e-03 | train_loss=0.6706 train_acc=0.5935 | val_loss=0.6358 val_acc@0.5=0.6595 | val_auc=0.6854 best_thr=0.457 val_acc@thr=0.6613
[subset_bottom_85pct] Epoch 3/30 | lr=1.00e-03 | train_loss=0.6722 train_acc=0.5917 | val_loss=0.6418 val_acc@0.5=0.6520 | val_auc=0.6856 best_thr=0.506 val_acc@thr=0.6578
[subset_bottom_85pct] Epoch 4/30 | lr=5.00e-04 | train_loss=0.6708 train_acc=0.5955 | val_loss=0.6362 val_acc@0.5=0.6550 | val_auc=0.6778 best_thr=0.428 val_acc@thr=0.6432
[subset_bottom_85pct] Epoch 5/30 | lr=5.00e-04 | train_loss=0.6651 train_acc=0.6033 | val_loss=0.6349 val_acc@0.5=0.6575 | val_auc=0.6836 best_thr=0.443 val_acc@thr=0.6533
[subset_bottom_85pct] Unfreezing denseblock4 + norm5 at epoch 6
[subset_bottom_85pct] Epoch 6/30 | lr=1.00e-04 | train_loss=0.6541 train_acc=0.6243 | val_loss=0.6122 val_acc@0.5=0.6794 | val_auc=0.7148 best_thr=0.403 val_acc@thr=0.6709
[subset_bottom_85pct] Epoch 7/30 | lr=1.00e-04 | train_loss=0.6430 train_acc=0.6378 | val_loss=0.6152 val_acc@0.5=0.6875 | val_auc=0.7142 best_thr=0.466 val_acc@thr=0.6834
[subset_bottom_85pct] Epoch 8/30 | lr=1.00e-04 | train_loss=0.6384 train_acc=0.6441 | val_loss=0.6130 val_acc@0.5=0.6875 | val_auc=0.7132 best_thr=0.483 val_acc@thr=0.6859
[subset_bottom_85pct] Epoch 9/30 | lr=1.00e-04 | train_loss=0.6337 train_acc=0.6495 | val_loss=0.6089 val_acc@0.5=0.6852 | val_auc=0.7191 best_thr=0.421 val_acc@thr=0.6804
[subset_bottom_85pct] Epoch 10/30 | lr=1.00e-04 | train_loss=0.6306 train_acc=0.6536 | val_loss=0.6077 val_acc@0.5=0.6842 | val_auc=0.7218 best_thr=0.425 val_acc@thr=0.6846
[subset_bottom_85pct] Epoch 11/30 | lr=1.00e-04 | train_loss=0.6268 train_acc=0.6575 | val_loss=0.6069 val_acc@0.5=0.6906 | val_auc=0.7189 best_thr=0.431 val_acc@thr=0.6890
[subset_bottom_85pct] Epoch 12/30 | lr=1.00e-04 | train_loss=0.6211 train_acc=0.6631 | val_loss=0.6085 val_acc@0.5=0.6921 | val_auc=0.7193 best_thr=0.444 val_acc@thr=0.6894
[subset_bottom_85pct] Epoch 13/30 | lr=5.00e-05 | train_loss=0.6172 train_acc=0.6675 | val_loss=0.6138 val_acc@0.5=0.6880 | val_auc=0.7189 best_thr=0.483 val_acc@thr=0.6896
[subset_bottom_85pct] Epoch 14/30 | lr=5.00e-05 | train_loss=0.6077 train_acc=0.6745 | val_loss=0.6176 val_acc@0.5=0.6893 | val_auc=0.7130 best_thr=0.490 val_acc@thr=0.6878
[subset_bottom_85pct] Epoch 15/30 | lr=5.00e-05 | train_loss=0.6037 train_acc=0.6772 | val_loss=0.6185 val_acc@0.5=0.6842 | val_auc=0.7061 best_thr=0.409 val_acc@thr=0.6797
[subset_bottom_85pct] Early stopping: val_auc did not improve for 5 epochs.
Loaded pretrained weights from: /scratch/st-rohling-1/2025_capstone/xray_runs/run_001/.torch_cache/hub/checkpoints/densenet121-a639ec97.pth
[subset_top_80pct] Epoch 1/30 | lr=1.00e-03 | train_loss=0.5271 train_acc=0.7361 | val_loss=0.6423 val_acc@0.5=0.6679 | val_auc=0.6997 best_thr=0.374 val_acc@thr=0.6615
[subset_top_80pct] Epoch 2/30 | lr=1.00e-03 | train_loss=0.5101 train_acc=0.7531 | val_loss=0.6705 val_acc@0.5=0.6574 | val_auc=0.7000 best_thr=0.308 val_acc@thr=0.6627
[subset_top_80pct] Epoch 3/30 | lr=1.00e-03 | train_loss=0.5090 train_acc=0.7536 | val_loss=0.6379 val_acc@0.5=0.6704 | val_auc=0.7009 best_thr=0.456 val_acc@thr=0.6719
[subset_top_80pct] Epoch 4/30 | lr=1.00e-03 | train_loss=0.5068 train_acc=0.7544 | val_loss=0.6422 val_acc@0.5=0.6696 | val_auc=0.6995 best_thr=0.409 val_acc@thr=0.6629
[subset_top_80pct] Epoch 5/30 | lr=1.00e-03 | train_loss=0.5125 train_acc=0.7503 | val_loss=0.6774 val_acc@0.5=0.6551 | val_auc=0.6993 best_thr=0.305 val_acc@thr=0.6681
[subset_top_80pct] Unfreezing denseblock4 + norm5 at epoch 6
[subset_top_80pct] Epoch 6/30 | lr=1.00e-04 | train_loss=0.4267 train_acc=0.8046 | val_loss=0.7415 val_acc@0.5=0.6930 | val_auc=0.7369 best_thr=0.292 val_acc@thr=0.6820
[subset_top_80pct] Epoch 7/30 | lr=1.00e-04 | train_loss=0.3867 train_acc=0.8268 | val_loss=0.7867 val_acc@0.5=0.6952 | val_auc=0.7420 best_thr=0.220 val_acc@thr=0.6801
[subset_top_80pct] Epoch 8/30 | lr=1.00e-04 | train_loss=0.3690 train_acc=0.8357 | val_loss=0.7667 val_acc@0.5=0.6979 | val_auc=0.7456 best_thr=0.303 val_acc@thr=0.6908
[subset_top_80pct] Epoch 9/30 | lr=1.00e-04 | train_loss=0.3564 train_acc=0.8426 | val_loss=0.8173 val_acc@0.5=0.6997 | val_auc=0.7476 best_thr=0.226 val_acc@thr=0.6897
[subset_top_80pct] Epoch 10/30 | lr=1.00e-04 | train_loss=0.3467 train_acc=0.8458 | val_loss=0.7997 val_acc@0.5=0.7043 | val_auc=0.7481 best_thr=0.242 val_acc@thr=0.6841
[subset_top_80pct] Epoch 11/30 | lr=1.00e-04 | train_loss=0.3395 train_acc=0.8493 | val_loss=0.7776 val_acc@0.5=0.6976 | val_auc=0.7488 best_thr=0.280 val_acc@thr=0.6891
[subset_top_80pct] Epoch 12/30 | lr=1.00e-04 | train_loss=0.3306 train_acc=0.8528 | val_loss=0.8869 val_acc@0.5=0.7005 | val_auc=0.7517 best_thr=0.238 val_acc@thr=0.7056
[subset_top_80pct] Epoch 13/30 | lr=1.00e-04 | train_loss=0.3255 train_acc=0.8566 | val_loss=0.8281 val_acc@0.5=0.7040 | val_auc=0.7537 best_thr=0.224 val_acc@thr=0.7003
[subset_top_80pct] Epoch 14/30 | lr=1.00e-04 | train_loss=0.3196 train_acc=0.8588 | val_loss=0.8468 val_acc@0.5=0.7061 | val_auc=0.7563 best_thr=0.363 val_acc@thr=0.7045
[subset_top_80pct] Epoch 15/30 | lr=1.00e-04 | train_loss=0.3146 train_acc=0.8612 | val_loss=0.8686 val_acc@0.5=0.7032 | val_auc=0.7551 best_thr=0.226 val_acc@thr=0.7050
[subset_top_80pct] Epoch 16/30 | lr=1.00e-04 | train_loss=0.3078 train_acc=0.8657 | val_loss=0.8376 val_acc@0.5=0.7071 | val_auc=0.7565 best_thr=0.262 val_acc@thr=0.7000
[subset_top_80pct] Epoch 17/30 | lr=1.00e-04 | train_loss=0.3013 train_acc=0.8693 | val_loss=0.8324 val_acc@0.5=0.7084 | val_auc=0.7562 best_thr=0.210 val_acc@thr=0.6956
[subset_top_80pct] Epoch 18/30 | lr=1.00e-04 | train_loss=0.2993 train_acc=0.8697 | val_loss=0.8762 val_acc@0.5=0.7090 | val_auc=0.7600 best_thr=0.281 val_acc@thr=0.7027
[subset_top_80pct] Epoch 19/30 | lr=1.00e-04 | train_loss=0.2925 train_acc=0.8721 | val_loss=0.8960 val_acc@0.5=0.7053 | val_auc=0.7557 best_thr=0.404 val_acc@thr=0.7015
[subset_top_80pct] Epoch 20/30 | lr=1.00e-04 | train_loss=0.2875 train_acc=0.8739 | val_loss=0.9184 val_acc@0.5=0.7075 | val_auc=0.7578 best_thr=0.169 val_acc@thr=0.6991
[subset_top_80pct] Epoch 21/30 | lr=1.00e-04 | train_loss=0.2819 train_acc=0.8772 | val_loss=0.9090 val_acc@0.5=0.7079 | val_auc=0.7616 best_thr=0.422 val_acc@thr=0.7083
[subset_top_80pct] Epoch 22/30 | lr=1.00e-04 | train_loss=0.2791 train_acc=0.8786 | val_loss=0.8760 val_acc@0.5=0.7100 | val_auc=0.7593 best_thr=0.227 val_acc@thr=0.6972
[subset_top_80pct] Epoch 23/30 | lr=1.00e-04 | train_loss=0.2715 train_acc=0.8824 | val_loss=0.9657 val_acc@0.5=0.7135 | val_auc=0.7592 best_thr=0.212 val_acc@thr=0.7032
[subset_top_80pct] Epoch 24/30 | lr=5.00e-05 | train_loss=0.2700 train_acc=0.8831 | val_loss=0.8658 val_acc@0.5=0.7069 | val_auc=0.7580 best_thr=0.289 val_acc@thr=0.6965
[subset_top_80pct] Epoch 25/30 | lr=5.00e-05 | train_loss=0.2521 train_acc=0.8907 | val_loss=0.9728 val_acc@0.5=0.7122 | val_auc=0.7603 best_thr=0.197 val_acc@thr=0.7013
[subset_top_80pct] Epoch 26/30 | lr=5.00e-05 | train_loss=0.2458 train_acc=0.8928 | val_loss=0.9203 val_acc@0.5=0.7113 | val_auc=0.7598 best_thr=0.337 val_acc@thr=0.7087
[subset_top_80pct] Early stopping: val_auc did not improve for 5 epochs.
Loaded pretrained weights from: /scratch/st-rohling-1/2025_capstone/xray_runs/run_001/.torch_cache/hub/checkpoints/densenet121-a639ec97.pth
[subset_bottom_80pct] Epoch 1/30 | lr=1.00e-03 | train_loss=0.6830 train_acc=0.5688 | val_loss=0.6543 val_acc@0.5=0.6370 | val_auc=0.6753 best_thr=0.509 val_acc@thr=0.6446
[subset_bottom_80pct] Epoch 2/30 | lr=1.00e-03 | train_loss=0.6790 train_acc=0.5794 | val_loss=0.6386 val_acc@0.5=0.6558 | val_auc=0.6816 best_thr=0.445 val_acc@thr=0.6556
[subset_bottom_80pct] Epoch 3/30 | lr=1.00e-03 | train_loss=0.6780 train_acc=0.5784 | val_loss=0.6614 val_acc@0.5=0.6125 | val_auc=0.6758 best_thr=0.535 val_acc@thr=0.6497
[subset_bottom_80pct] Epoch 4/30 | lr=1.00e-03 | train_loss=0.6783 train_acc=0.5802 | val_loss=0.6428 val_acc@0.5=0.6534 | val_auc=0.6714 best_thr=0.439 val_acc@thr=0.6267
[subset_bottom_80pct] Epoch 5/30 | lr=5.00e-04 | train_loss=0.6779 train_acc=0.5831 | val_loss=0.6447 val_acc@0.5=0.6439 | val_auc=0.6581 best_thr=0.436 val_acc@thr=0.6329
[subset_bottom_80pct] Unfreezing denseblock4 + norm5 at epoch 6
[subset_bottom_80pct] Epoch 6/30 | lr=1.00e-04 | train_loss=0.6680 train_acc=0.6017 | val_loss=0.6221 val_acc@0.5=0.6793 | val_auc=0.7117 best_thr=0.478 val_acc@thr=0.6761
[subset_bottom_80pct] Epoch 7/30 | lr=1.00e-04 | train_loss=0.6589 train_acc=0.6132 | val_loss=0.6160 val_acc@0.5=0.6823 | val_auc=0.7091 best_thr=0.424 val_acc@thr=0.6752
[subset_bottom_80pct] Epoch 8/30 | lr=1.00e-04 | train_loss=0.6539 train_acc=0.6203 | val_loss=0.6225 val_acc@0.5=0.6864 | val_auc=0.7121 best_thr=0.495 val_acc@thr=0.6859
[subset_bottom_80pct] Epoch 9/30 | lr=1.00e-04 | train_loss=0.6491 train_acc=0.6286 | val_loss=0.6177 val_acc@0.5=0.6827 | val_auc=0.7081 best_thr=0.442 val_acc@thr=0.6767
[subset_bottom_80pct] Epoch 10/30 | lr=1.00e-04 | train_loss=0.6465 train_acc=0.6332 | val_loss=0.6189 val_acc@0.5=0.6863 | val_auc=0.7013 best_thr=0.457 val_acc@thr=0.6852
[subset_bottom_80pct] Epoch 11/30 | lr=5.00e-05 | train_loss=0.6428 train_acc=0.6374 | val_loss=0.6278 val_acc@0.5=0.6767 | val_auc=0.6988 best_thr=0.493 val_acc@thr=0.6751
[subset_bottom_80pct] Epoch 12/30 | lr=5.00e-05 | train_loss=0.6358 train_acc=0.6420 | val_loss=0.6303 val_acc@0.5=0.6745 | val_auc=0.6910 best_thr=0.493 val_acc@thr=0.6736
[subset_bottom_80pct] Epoch 13/30 | lr=5.00e-05 | train_loss=0.6312 train_acc=0.6482 | val_loss=0.6265 val_acc@0.5=0.6801 | val_auc=0.6877 best_thr=0.470 val_acc@thr=0.6808
[subset_bottom_80pct] Early stopping: val_auc did not improve for 5 epochs.
Loaded pretrained weights from: /scratch/st-rohling-1/2025_capstone/xray_runs/run_001/.torch_cache/hub/checkpoints/densenet121-a639ec97.pth
[subset_top_75pct] Epoch 1/30 | lr=1.00e-03 | train_loss=0.4964 train_acc=0.7621 | val_loss=0.7013 val_acc@0.5=0.6552 | val_auc=0.6960 best_thr=0.265 val_acc@thr=0.6592
[subset_top_75pct] Epoch 2/30 | lr=1.00e-03 | train_loss=0.4739 train_acc=0.7751 | val_loss=0.6727 val_acc@0.5=0.6685 | val_auc=0.6985 best_thr=0.332 val_acc@thr=0.6618
[subset_top_75pct] Epoch 3/30 | lr=1.00e-03 | train_loss=0.4705 train_acc=0.7793 | val_loss=0.6809 val_acc@0.5=0.6650 | val_auc=0.6990 best_thr=0.281 val_acc@thr=0.6573
[subset_top_75pct] Epoch 4/30 | lr=1.00e-03 | train_loss=0.4706 train_acc=0.7775 | val_loss=0.6686 val_acc@0.5=0.6678 | val_auc=0.6970 best_thr=0.416 val_acc@thr=0.6683
[subset_top_75pct] Epoch 5/30 | lr=1.00e-03 | train_loss=0.4677 train_acc=0.7808 | val_loss=0.6974 val_acc@0.5=0.6577 | val_auc=0.6994 best_thr=0.289 val_acc@thr=0.6654
[subset_top_75pct] Unfreezing denseblock4 + norm5 at epoch 6
[subset_top_75pct] Epoch 6/30 | lr=1.00e-04 | train_loss=0.3718 train_acc=0.8385 | val_loss=0.7895 val_acc@0.5=0.6921 | val_auc=0.7359 best_thr=0.434 val_acc@thr=0.6927
[subset_top_75pct] Epoch 7/30 | lr=1.00e-04 | train_loss=0.3298 train_acc=0.8575 | val_loss=0.8260 val_acc@0.5=0.6948 | val_auc=0.7432 best_thr=0.227 val_acc@thr=0.6844
[subset_top_75pct] Epoch 8/30 | lr=1.00e-04 | train_loss=0.3118 train_acc=0.8686 | val_loss=0.9112 val_acc@0.5=0.6974 | val_auc=0.7463 best_thr=0.195 val_acc@thr=0.6900
[subset_top_75pct] Epoch 9/30 | lr=1.00e-04 | train_loss=0.2979 train_acc=0.8736 | val_loss=0.8864 val_acc@0.5=0.6988 | val_auc=0.7457 best_thr=0.219 val_acc@thr=0.6884
[subset_top_75pct] Epoch 10/30 | lr=1.00e-04 | train_loss=0.2878 train_acc=0.8776 | val_loss=0.9328 val_acc@0.5=0.7025 | val_auc=0.7487 best_thr=0.268 val_acc@thr=0.7016
[subset_top_75pct] Epoch 11/30 | lr=1.00e-04 | train_loss=0.2799 train_acc=0.8833 | val_loss=0.9383 val_acc@0.5=0.7061 | val_auc=0.7504 best_thr=0.237 val_acc@thr=0.7009
[subset_top_75pct] Epoch 12/30 | lr=1.00e-04 | train_loss=0.2729 train_acc=0.8854 | val_loss=0.9467 val_acc@0.5=0.7056 | val_auc=0.7487 best_thr=0.237 val_acc@thr=0.6979
[subset_top_75pct] Epoch 13/30 | lr=1.00e-04 | train_loss=0.2649 train_acc=0.8874 | val_loss=0.8990 val_acc@0.5=0.7056 | val_auc=0.7509 best_thr=0.268 val_acc@thr=0.7003
[subset_top_75pct] Epoch 14/30 | lr=1.00e-04 | train_loss=0.2568 train_acc=0.8929 | val_loss=1.0228 val_acc@0.5=0.7065 | val_auc=0.7551 best_thr=0.275 val_acc@thr=0.7071
[subset_top_75pct] Epoch 15/30 | lr=1.00e-04 | train_loss=0.2535 train_acc=0.8941 | val_loss=1.0383 val_acc@0.5=0.7056 | val_auc=0.7560 best_thr=0.195 val_acc@thr=0.7057
[subset_top_75pct] Epoch 16/30 | lr=1.00e-04 | train_loss=0.2488 train_acc=0.8950 | val_loss=0.9103 val_acc@0.5=0.7052 | val_auc=0.7578 best_thr=0.433 val_acc@thr=0.7056
[subset_top_75pct] Epoch 17/30 | lr=1.00e-04 | train_loss=0.2416 train_acc=0.8981 | val_loss=0.9375 val_acc@0.5=0.7092 | val_auc=0.7569 best_thr=0.215 val_acc@thr=0.6967
[subset_top_75pct] Epoch 18/30 | lr=1.00e-04 | train_loss=0.2407 train_acc=0.8995 | val_loss=1.0650 val_acc@0.5=0.7086 | val_auc=0.7547 best_thr=0.257 val_acc@thr=0.7057
[subset_top_75pct] Epoch 19/30 | lr=1.00e-04 | train_loss=0.2314 train_acc=0.9023 | val_loss=1.0397 val_acc@0.5=0.7127 | val_auc=0.7584 best_thr=0.188 val_acc@thr=0.7049
[subset_top_75pct] Epoch 20/30 | lr=1.00e-04 | train_loss=0.2281 train_acc=0.9045 | val_loss=1.0789 val_acc@0.5=0.7134 | val_auc=0.7600 best_thr=0.194 val_acc@thr=0.7035
[subset_top_75pct] Epoch 21/30 | lr=1.00e-04 | train_loss=0.2256 train_acc=0.9046 | val_loss=0.9197 val_acc@0.5=0.7135 | val_auc=0.7599 best_thr=0.376 val_acc@thr=0.7136
[subset_top_75pct] Epoch 22/30 | lr=1.00e-04 | train_loss=0.2182 train_acc=0.9089 | val_loss=1.0662 val_acc@0.5=0.7129 | val_auc=0.7586 best_thr=0.224 val_acc@thr=0.7056
[subset_top_75pct] Epoch 23/30 | lr=5.00e-05 | train_loss=0.2158 train_acc=0.9090 | val_loss=1.1024 val_acc@0.5=0.7107 | val_auc=0.7590 best_thr=0.273 val_acc@thr=0.7112
[subset_top_75pct] Epoch 24/30 | lr=5.00e-05 | train_loss=0.2009 train_acc=0.9156 | val_loss=1.1512 val_acc@0.5=0.7127 | val_auc=0.7592 best_thr=0.152 val_acc@thr=0.7053
[subset_top_75pct] Epoch 25/30 | lr=5.00e-05 | train_loss=0.1946 train_acc=0.9187 | val_loss=1.1546 val_acc@0.5=0.7191 | val_auc=0.7603 best_thr=0.307 val_acc@thr=0.7137
[subset_top_75pct] Epoch 26/30 | lr=5.00e-05 | train_loss=0.1945 train_acc=0.9194 | val_loss=1.2799 val_acc@0.5=0.7159 | val_auc=0.7604 best_thr=0.187 val_acc@thr=0.7109
[subset_top_75pct] Epoch 27/30 | lr=5.00e-05 | train_loss=0.1883 train_acc=0.9222 | val_loss=1.1753 val_acc@0.5=0.7169 | val_auc=0.7607 best_thr=0.307 val_acc@thr=0.7139
[subset_top_75pct] Epoch 28/30 | lr=5.00e-05 | train_loss=0.1838 train_acc=0.9227 | val_loss=1.1805 val_acc@0.5=0.7168 | val_auc=0.7616 best_thr=0.229 val_acc@thr=0.7058
[subset_top_75pct] Epoch 29/30 | lr=5.00e-05 | train_loss=0.1767 train_acc=0.9268 | val_loss=1.2548 val_acc@0.5=0.7142 | val_auc=0.7626 best_thr=0.114 val_acc@thr=0.7058
[subset_top_75pct] Epoch 30/30 | lr=5.00e-05 | train_loss=0.1783 train_acc=0.9267 | val_loss=1.1864 val_acc@0.5=0.7139 | val_auc=0.7621 best_thr=0.184 val_acc@thr=0.7082
Loaded pretrained weights from: /scratch/st-rohling-1/2025_capstone/xray_runs/run_001/.torch_cache/hub/checkpoints/densenet121-a639ec97.pth
[subset_bottom_75pct] Epoch 1/30 | lr=1.00e-03 | train_loss=0.6929 train_acc=0.5501 | val_loss=0.6599 val_acc@0.5=0.6352 | val_auc=0.6507 best_thr=0.499 val_acc@thr=0.6353
[subset_bottom_75pct] Epoch 2/30 | lr=1.00e-03 | train_loss=0.6883 train_acc=0.5574 | val_loss=0.6564 val_acc@0.5=0.6357 | val_auc=0.6474 best_thr=0.465 val_acc@thr=0.6216
[subset_bottom_75pct] Epoch 3/30 | lr=1.00e-03 | train_loss=0.6883 train_acc=0.5546 | val_loss=0.6484 val_acc@0.5=0.6491 | val_auc=0.6686 best_thr=0.481 val_acc@thr=0.6434
[subset_bottom_75pct] Epoch 4/30 | lr=1.00e-03 | train_loss=0.6876 train_acc=0.5596 | val_loss=0.6529 val_acc@0.5=0.6039 | val_auc=0.6581 best_thr=0.401 val_acc@thr=0.6420
[subset_bottom_75pct] Epoch 5/30 | lr=1.00e-03 | train_loss=0.6870 train_acc=0.5599 | val_loss=0.6517 val_acc@0.5=0.6534 | val_auc=0.6667 best_thr=0.466 val_acc@thr=0.6372
[subset_bottom_75pct] Unfreezing denseblock4 + norm5 at epoch 6
[subset_bottom_75pct] Epoch 6/30 | lr=1.00e-04 | train_loss=0.6790 train_acc=0.5763 | val_loss=0.6383 val_acc@0.5=0.6689 | val_auc=0.6922 best_thr=0.500 val_acc@thr=0.6693
[subset_bottom_75pct] Epoch 7/30 | lr=1.00e-04 | train_loss=0.6702 train_acc=0.5918 | val_loss=0.6363 val_acc@0.5=0.6647 | val_auc=0.6715 best_thr=0.451 val_acc@thr=0.6564
[subset_bottom_75pct] Epoch 8/30 | lr=1.00e-04 | train_loss=0.6660 train_acc=0.5970 | val_loss=0.6371 val_acc@0.5=0.6644 | val_auc=0.6832 best_thr=0.519 val_acc@thr=0.6753
[subset_bottom_75pct] Epoch 9/30 | lr=1.00e-04 | train_loss=0.6627 train_acc=0.6038 | val_loss=0.6320 val_acc@0.5=0.6676 | val_auc=0.6976 best_thr=0.516 val_acc@thr=0.6767
[subset_bottom_75pct] Epoch 10/30 | lr=1.00e-04 | train_loss=0.6591 train_acc=0.6124 | val_loss=0.6323 val_acc@0.5=0.6744 | val_auc=0.6815 best_thr=0.496 val_acc@thr=0.6744
[subset_bottom_75pct] Epoch 11/30 | lr=1.00e-04 | train_loss=0.6571 train_acc=0.6142 | val_loss=0.6381 val_acc@0.5=0.6642 | val_auc=0.6810 best_thr=0.525 val_acc@thr=0.6778
[subset_bottom_75pct] Epoch 12/30 | lr=5.00e-05 | train_loss=0.6536 train_acc=0.6162 | val_loss=0.6352 val_acc@0.5=0.6738 | val_auc=0.6715 best_thr=0.503 val_acc@thr=0.6757
[subset_bottom_75pct] Epoch 13/30 | lr=5.00e-05 | train_loss=0.6458 train_acc=0.6270 | val_loss=0.6491 val_acc@0.5=0.6366 | val_auc=0.6499 best_thr=0.525 val_acc@thr=0.6481
[subset_bottom_75pct] Epoch 14/30 | lr=5.00e-05 | train_loss=0.6430 train_acc=0.6326 | val_loss=0.6534 val_acc@0.5=0.6203 | val_auc=0.6470 best_thr=0.554 val_acc@thr=0.6537
[subset_bottom_75pct] Early stopping: val_auc did not improve for 5 epochs.
Loaded pretrained weights from: /scratch/st-rohling-1/2025_capstone/xray_runs/run_001/.torch_cache/hub/checkpoints/densenet121-a639ec97.pth
[subset_top_70pct] Epoch 1/30 | lr=1.00e-03 | train_loss=0.4694 train_acc=0.7752 | val_loss=0.6751 val_acc@0.5=0.6654 | val_auc=0.6965 best_thr=0.335 val_acc@thr=0.6586
[subset_top_70pct] Epoch 2/30 | lr=1.00e-03 | train_loss=0.4373 train_acc=0.7988 | val_loss=0.6800 val_acc@0.5=0.6701 | val_auc=0.6974 best_thr=0.424 val_acc@thr=0.6652
[subset_top_70pct] Epoch 3/30 | lr=1.00e-03 | train_loss=0.4353 train_acc=0.7997 | val_loss=0.6788 val_acc@0.5=0.6692 | val_auc=0.6978 best_thr=0.370 val_acc@thr=0.6572
[subset_top_70pct] Epoch 4/30 | lr=1.00e-03 | train_loss=0.4380 train_acc=0.7970 | val_loss=0.6733 val_acc@0.5=0.6707 | val_auc=0.6995 best_thr=0.390 val_acc@thr=0.6615
[subset_top_70pct] Epoch 5/30 | lr=1.00e-03 | train_loss=0.4318 train_acc=0.8026 | val_loss=0.7210 val_acc@0.5=0.6611 | val_auc=0.6996 best_thr=0.246 val_acc@thr=0.6604
[subset_top_70pct] Unfreezing denseblock4 + norm5 at epoch 6
[subset_top_70pct] Epoch 6/30 | lr=1.00e-04 | train_loss=0.3285 train_acc=0.8610 | val_loss=0.8833 val_acc@0.5=0.6931 | val_auc=0.7330 best_thr=0.262 val_acc@thr=0.6878
[subset_top_70pct] Epoch 7/30 | lr=1.00e-04 | train_loss=0.2776 train_acc=0.8873 | val_loss=1.0015 val_acc@0.5=0.6948 | val_auc=0.7374 best_thr=0.307 val_acc@thr=0.6943
[subset_top_70pct] Epoch 8/30 | lr=1.00e-04 | train_loss=0.2567 train_acc=0.8946 | val_loss=0.8685 val_acc@0.5=0.7027 | val_auc=0.7446 best_thr=0.406 val_acc@thr=0.7005
[subset_top_70pct] Epoch 9/30 | lr=1.00e-04 | train_loss=0.2451 train_acc=0.9012 | val_loss=1.1054 val_acc@0.5=0.7018 | val_auc=0.7442 best_thr=0.205 val_acc@thr=0.6991
[subset_top_70pct] Epoch 10/30 | lr=1.00e-04 | train_loss=0.2344 train_acc=0.9065 | val_loss=0.9793 val_acc@0.5=0.7048 | val_auc=0.7484 best_thr=0.358 val_acc@thr=0.7011
[subset_top_70pct] Epoch 11/30 | lr=1.00e-04 | train_loss=0.2275 train_acc=0.9089 | val_loss=0.9820 val_acc@0.5=0.7076 | val_auc=0.7522 best_thr=0.208 val_acc@thr=0.7021
[subset_top_70pct] Epoch 12/30 | lr=1.00e-04 | train_loss=0.2209 train_acc=0.9098 | val_loss=0.9719 val_acc@0.5=0.7052 | val_auc=0.7528 best_thr=0.237 val_acc@thr=0.7054
[subset_top_70pct] Epoch 13/30 | lr=1.00e-04 | train_loss=0.2128 train_acc=0.9150 | val_loss=1.0696 val_acc@0.5=0.7057 | val_auc=0.7538 best_thr=0.189 val_acc@thr=0.7031
[subset_top_70pct] Epoch 14/30 | lr=1.00e-04 | train_loss=0.2052 train_acc=0.9160 | val_loss=1.0100 val_acc@0.5=0.7075 | val_auc=0.7533 best_thr=0.323 val_acc@thr=0.7031
[subset_top_70pct] Epoch 15/30 | lr=1.00e-04 | train_loss=0.2011 train_acc=0.9190 | val_loss=1.0741 val_acc@0.5=0.7060 | val_auc=0.7547 best_thr=0.214 val_acc@thr=0.7065
[subset_top_70pct] Epoch 16/30 | lr=1.00e-04 | train_loss=0.1986 train_acc=0.9194 | val_loss=1.1562 val_acc@0.5=0.7095 | val_auc=0.7536 best_thr=0.238 val_acc@thr=0.7099
[subset_top_70pct] Epoch 17/30 | lr=1.00e-04 | train_loss=0.1924 train_acc=0.9205 | val_loss=1.1141 val_acc@0.5=0.7085 | val_auc=0.7544 best_thr=0.238 val_acc@thr=0.7057
[subset_top_70pct] Epoch 18/30 | lr=1.00e-04 | train_loss=0.1856 train_acc=0.9246 | val_loss=1.2188 val_acc@0.5=0.7128 | val_auc=0.7556 best_thr=0.245 val_acc@thr=0.7045
[subset_top_70pct] Epoch 19/30 | lr=1.00e-04 | train_loss=0.1826 train_acc=0.9258 | val_loss=1.2001 val_acc@0.5=0.7097 | val_auc=0.7553 best_thr=0.154 val_acc@thr=0.7063
[subset_top_70pct] Epoch 20/30 | lr=1.00e-04 | train_loss=0.1773 train_acc=0.9277 | val_loss=1.3276 val_acc@0.5=0.7102 | val_auc=0.7542 best_thr=0.249 val_acc@thr=0.7126
[subset_top_70pct] Epoch 21/30 | lr=1.00e-04 | train_loss=0.1734 train_acc=0.9296 | val_loss=1.3116 val_acc@0.5=0.7120 | val_auc=0.7583 best_thr=0.243 val_acc@thr=0.7091
[subset_top_70pct] Epoch 22/30 | lr=1.00e-04 | train_loss=0.1681 train_acc=0.9310 | val_loss=1.2905 val_acc@0.5=0.7130 | val_auc=0.7572 best_thr=0.195 val_acc@thr=0.7046
[subset_top_70pct] Epoch 23/30 | lr=1.00e-04 | train_loss=0.1659 train_acc=0.9324 | val_loss=1.2702 val_acc@0.5=0.7113 | val_auc=0.7575 best_thr=0.160 val_acc@thr=0.7089
[subset_top_70pct] Epoch 24/30 | lr=1.00e-04 | train_loss=0.1632 train_acc=0.9349 | val_loss=1.3176 val_acc@0.5=0.7150 | val_auc=0.7586 best_thr=0.214 val_acc@thr=0.7102
[subset_top_70pct] Epoch 25/30 | lr=1.00e-04 | train_loss=0.1572 train_acc=0.9368 | val_loss=1.1852 val_acc@0.5=0.7145 | val_auc=0.7602 best_thr=0.408 val_acc@thr=0.7147
[subset_top_70pct] Epoch 26/30 | lr=1.00e-04 | train_loss=0.1536 train_acc=0.9378 | val_loss=1.3793 val_acc@0.5=0.7135 | val_auc=0.7593 best_thr=0.212 val_acc@thr=0.7160
[subset_top_70pct] Epoch 27/30 | lr=1.00e-04 | train_loss=0.1493 train_acc=0.9397 | val_loss=1.3286 val_acc@0.5=0.7153 | val_auc=0.7578 best_thr=0.278 val_acc@thr=0.7161
[subset_top_70pct] Epoch 28/30 | lr=5.00e-05 | train_loss=0.1460 train_acc=0.9415 | val_loss=1.3997 val_acc@0.5=0.7150 | val_auc=0.7568 best_thr=0.158 val_acc@thr=0.7099
[subset_top_70pct] Epoch 29/30 | lr=5.00e-05 | train_loss=0.1341 train_acc=0.9469 | val_loss=1.4393 val_acc@0.5=0.7153 | val_auc=0.7590 best_thr=0.183 val_acc@thr=0.7115
[subset_top_70pct] Epoch 30/30 | lr=5.00e-05 | train_loss=0.1279 train_acc=0.9495 | val_loss=1.3664 val_acc@0.5=0.7181 | val_auc=0.7584 best_thr=0.234 val_acc@thr=0.7134
[subset_top_70pct] Early stopping: val_auc did not improve for 5 epochs.
Loaded pretrained weights from: /scratch/st-rohling-1/2025_capstone/xray_runs/run_001/.torch_cache/hub/checkpoints/densenet121-a639ec97.pth
[subset_bottom_70pct] Epoch 1/30 | lr=1.00e-03 | train_loss=0.6983 train_acc=0.5329 | val_loss=0.6993 val_acc@0.5=0.4936 | val_auc=0.6305 best_thr=0.568 val_acc@thr=0.6148
[subset_bottom_70pct] Epoch 2/30 | lr=1.00e-03 | train_loss=0.6958 train_acc=0.5364 | val_loss=0.6625 val_acc@0.5=0.6209 | val_auc=0.6209 best_thr=0.455 val_acc@thr=0.6019
[subset_bottom_70pct] Epoch 3/30 | lr=1.00e-03 | train_loss=0.6953 train_acc=0.5384 | val_loss=0.6593 val_acc@0.5=0.6362 | val_auc=0.6516 best_thr=0.480 val_acc@thr=0.6294
[subset_bottom_70pct] Epoch 4/30 | lr=1.00e-03 | train_loss=0.6933 train_acc=0.5397 | val_loss=0.6878 val_acc@0.5=0.5265 | val_auc=0.6363 best_thr=0.566 val_acc@thr=0.6276
[subset_bottom_70pct] Epoch 5/30 | lr=1.00e-03 | train_loss=0.6958 train_acc=0.5371 | val_loss=0.6720 val_acc@0.5=0.5962 | val_auc=0.6415 best_thr=0.531 val_acc@thr=0.6350
[subset_bottom_70pct] Unfreezing denseblock4 + norm5 at epoch 6
[subset_bottom_70pct] Epoch 6/30 | lr=1.00e-04 | train_loss=0.6861 train_acc=0.5544 | val_loss=0.6591 val_acc@0.5=0.6349 | val_auc=0.6477 best_thr=0.486 val_acc@thr=0.6253
[subset_bottom_70pct] Epoch 7/30 | lr=1.00e-04 | train_loss=0.6820 train_acc=0.5642 | val_loss=0.6617 val_acc@0.5=0.6203 | val_auc=0.6486 best_thr=0.516 val_acc@thr=0.6356
[subset_bottom_70pct] Epoch 8/30 | lr=1.00e-04 | train_loss=0.6779 train_acc=0.5730 | val_loss=0.6629 val_acc@0.5=0.6150 | val_auc=0.6516 best_thr=0.524 val_acc@thr=0.6409
[subset_bottom_70pct] Early stopping: val_auc did not improve for 5 epochs.
Loaded pretrained weights from: /scratch/st-rohling-1/2025_capstone/xray_runs/run_001/.torch_cache/hub/checkpoints/densenet121-a639ec97.pth
[subset_top_65pct] Epoch 1/30 | lr=1.00e-03 | train_loss=0.4394 train_acc=0.7970 | val_loss=0.6966 val_acc@0.5=0.6681 | val_auc=0.6968 best_thr=0.403 val_acc@thr=0.6693
[subset_top_65pct] Epoch 2/30 | lr=1.00e-03 | train_loss=0.4069 train_acc=0.8157 | val_loss=0.7127 val_acc@0.5=0.6670 | val_auc=0.6958 best_thr=0.349 val_acc@thr=0.6626
[subset_top_65pct] Epoch 3/30 | lr=1.00e-03 | train_loss=0.4091 train_acc=0.8185 | val_loss=0.6897 val_acc@0.5=0.6641 | val_auc=0.6978 best_thr=0.511 val_acc@thr=0.6669
[subset_top_65pct] Epoch 4/30 | lr=1.00e-03 | train_loss=0.4056 train_acc=0.8185 | val_loss=0.7171 val_acc@0.5=0.6687 | val_auc=0.6982 best_thr=0.356 val_acc@thr=0.6664
[subset_top_65pct] Epoch 5/30 | lr=1.00e-03 | train_loss=0.4030 train_acc=0.8188 | val_loss=0.6951 val_acc@0.5=0.6697 | val_auc=0.6999 best_thr=0.420 val_acc@thr=0.6661
[subset_top_65pct] Unfreezing denseblock4 + norm5 at epoch 6
[subset_top_65pct] Epoch 6/30 | lr=1.00e-04 | train_loss=0.2834 train_acc=0.8844 | val_loss=0.9691 val_acc@0.5=0.6936 | val_auc=0.7358 best_thr=0.229 val_acc@thr=0.6855
[subset_top_65pct] Epoch 7/30 | lr=1.00e-04 | train_loss=0.2378 train_acc=0.9058 | val_loss=0.9870 val_acc@0.5=0.6919 | val_auc=0.7340 best_thr=0.212 val_acc@thr=0.6846
[subset_top_65pct] Epoch 8/30 | lr=1.00e-04 | train_loss=0.2168 train_acc=0.9157 | val_loss=1.0184 val_acc@0.5=0.6976 | val_auc=0.7442 best_thr=0.298 val_acc@thr=0.6905
[subset_top_65pct] Epoch 9/30 | lr=1.00e-04 | train_loss=0.2012 train_acc=0.9203 | val_loss=1.1625 val_acc@0.5=0.7012 | val_auc=0.7460 best_thr=0.118 val_acc@thr=0.6964
[subset_top_65pct] Epoch 10/30 | lr=1.00e-04 | train_loss=0.1922 train_acc=0.9239 | val_loss=1.0053 val_acc@0.5=0.7060 | val_auc=0.7501 best_thr=0.204 val_acc@thr=0.6971
[subset_top_65pct] Epoch 11/30 | lr=1.00e-04 | train_loss=0.1880 train_acc=0.9292 | val_loss=1.5071 val_acc@0.5=0.7009 | val_auc=0.7472 best_thr=0.029 val_acc@thr=0.6949
[subset_top_65pct] Epoch 12/30 | lr=1.00e-04 | train_loss=0.1757 train_acc=0.9313 | val_loss=1.0773 val_acc@0.5=0.7106 | val_auc=0.7516 best_thr=0.211 val_acc@thr=0.6989
[subset_top_65pct] Epoch 13/30 | lr=1.00e-04 | train_loss=0.1708 train_acc=0.9332 | val_loss=1.4271 val_acc@0.5=0.7068 | val_auc=0.7476 best_thr=0.189 val_acc@thr=0.7005
[subset_top_65pct] Epoch 14/30 | lr=1.00e-04 | train_loss=0.1637 train_acc=0.9362 | val_loss=1.1905 val_acc@0.5=0.7079 | val_auc=0.7535 best_thr=0.164 val_acc@thr=0.6995
[subset_top_65pct] Epoch 15/30 | lr=1.00e-04 | train_loss=0.1602 train_acc=0.9355 | val_loss=1.3043 val_acc@0.5=0.7094 | val_auc=0.7549 best_thr=0.152 val_acc@thr=0.7034
[subset_top_65pct] Epoch 16/30 | lr=1.00e-04 | train_loss=0.1533 train_acc=0.9400 | val_loss=1.3513 val_acc@0.5=0.7086 | val_auc=0.7536 best_thr=0.097 val_acc@thr=0.6971
[subset_top_65pct] Epoch 17/30 | lr=1.00e-04 | train_loss=0.1498 train_acc=0.9414 | val_loss=1.2416 val_acc@0.5=0.7078 | val_auc=0.7549 best_thr=0.192 val_acc@thr=0.7018
[subset_top_65pct] Epoch 18/30 | lr=5.00e-05 | train_loss=0.1447 train_acc=0.9434 | val_loss=1.4462 val_acc@0.5=0.7121 | val_auc=0.7546 best_thr=0.198 val_acc@thr=0.7132
[subset_top_65pct] Epoch 19/30 | lr=5.00e-05 | train_loss=0.1311 train_acc=0.9492 | val_loss=1.2837 val_acc@0.5=0.7132 | val_auc=0.7563 best_thr=0.392 val_acc@thr=0.7141
[subset_top_65pct] Epoch 20/30 | lr=5.00e-05 | train_loss=0.1336 train_acc=0.9497 | val_loss=1.5937 val_acc@0.5=0.7078 | val_auc=0.7553 best_thr=0.054 val_acc@thr=0.7075
[subset_top_65pct] Epoch 21/30 | lr=5.00e-05 | train_loss=0.1320 train_acc=0.9495 | val_loss=1.5369 val_acc@0.5=0.7119 | val_auc=0.7576 best_thr=0.125 val_acc@thr=0.7102
[subset_top_65pct] Epoch 22/30 | lr=5.00e-05 | train_loss=0.1190 train_acc=0.9534 | val_loss=1.3433 val_acc@0.5=0.7131 | val_auc=0.7571 best_thr=0.129 val_acc@thr=0.7042
[subset_top_65pct] Epoch 23/30 | lr=5.00e-05 | train_loss=0.1180 train_acc=0.9535 | val_loss=1.4228 val_acc@0.5=0.7136 | val_auc=0.7582 best_thr=0.082 val_acc@thr=0.6975
[subset_top_65pct] Epoch 24/30 | lr=5.00e-05 | train_loss=0.1187 train_acc=0.9546 | val_loss=1.6997 val_acc@0.5=0.7108 | val_auc=0.7565 best_thr=0.145 val_acc@thr=0.7138
[subset_top_65pct] Epoch 25/30 | lr=5.00e-05 | train_loss=0.1102 train_acc=0.9564 | val_loss=1.5305 val_acc@0.5=0.7174 | val_auc=0.7588 best_thr=0.342 val_acc@thr=0.7181
[subset_top_65pct] Epoch 26/30 | lr=5.00e-05 | train_loss=0.1078 train_acc=0.9578 | val_loss=1.4508 val_acc@0.5=0.7121 | val_auc=0.7595 best_thr=0.263 val_acc@thr=0.7078
[subset_top_65pct] Epoch 27/30 | lr=5.00e-05 | train_loss=0.1111 train_acc=0.9579 | val_loss=2.0037 val_acc@0.5=0.7054 | val_auc=0.7595 best_thr=0.007 val_acc@thr=0.7033
[subset_top_65pct] Epoch 28/30 | lr=5.00e-05 | train_loss=0.1082 train_acc=0.9590 | val_loss=1.8305 val_acc@0.5=0.7110 | val_auc=0.7579 best_thr=0.025 val_acc@thr=0.7032
[subset_top_65pct] Epoch 29/30 | lr=5.00e-05 | train_loss=0.1015 train_acc=0.9608 | val_loss=1.5158 val_acc@0.5=0.7157 | val_auc=0.7610 best_thr=0.212 val_acc@thr=0.7114
[subset_top_65pct] Epoch 30/30 | lr=5.00e-05 | train_loss=0.1012 train_acc=0.9605 | val_loss=1.4987 val_acc@0.5=0.7156 | val_auc=0.7620 best_thr=0.288 val_acc@thr=0.7134
Loaded pretrained weights from: /scratch/st-rohling-1/2025_capstone/xray_runs/run_001/.torch_cache/hub/checkpoints/densenet121-a639ec97.pth
[subset_bottom_65pct] Epoch 1/30 | lr=1.00e-03 | train_loss=0.7064 train_acc=0.5111 | val_loss=0.6683 val_acc@0.5=0.5891 | val_auc=0.6007 best_thr=0.403 val_acc@thr=0.5922
[subset_bottom_65pct] Epoch 2/30 | lr=1.00e-03 | train_loss=0.7006 train_acc=0.5164 | val_loss=0.6717 val_acc@0.5=0.5860 | val_auc=0.5804 best_thr=0.426 val_acc@thr=0.5826
[subset_bottom_65pct] Epoch 3/30 | lr=1.00e-03 | train_loss=0.6999 train_acc=0.5223 | val_loss=0.7290 val_acc@0.5=0.4369 | val_auc=0.5667 best_thr=0.577 val_acc@thr=0.5380
[subset_bottom_65pct] Epoch 4/30 | lr=5.00e-04 | train_loss=0.6994 train_acc=0.5212 | val_loss=0.6923 val_acc@0.5=0.5169 | val_auc=0.5898 best_thr=0.523 val_acc@thr=0.5672
[subset_bottom_65pct] Epoch 5/30 | lr=5.00e-04 | train_loss=0.6960 train_acc=0.5211 | val_loss=0.6995 val_acc@0.5=0.4728 | val_auc=0.6219 best_thr=0.550 val_acc@thr=0.5927
[subset_bottom_65pct] Unfreezing denseblock4 + norm5 at epoch 6
[subset_bottom_65pct] Epoch 6/30 | lr=1.00e-04 | train_loss=0.6914 train_acc=0.5330 | val_loss=0.6903 val_acc@0.5=0.5270 | val_auc=0.5903 best_thr=0.532 val_acc@thr=0.5779
[subset_bottom_65pct] Epoch 7/30 | lr=1.00e-04 | train_loss=0.6876 train_acc=0.5477 | val_loss=0.6685 val_acc@0.5=0.6093 | val_auc=0.6193 best_thr=0.485 val_acc@thr=0.5986
[subset_bottom_65pct] Epoch 8/30 | lr=1.00e-04 | train_loss=0.6853 train_acc=0.5511 | val_loss=0.6858 val_acc@0.5=0.5540 | val_auc=0.5930 best_thr=0.516 val_acc@thr=0.5749
[subset_bottom_65pct] Epoch 9/30 | lr=1.00e-04 | train_loss=0.6825 train_acc=0.5586 | val_loss=0.6736 val_acc@0.5=0.5873 | val_auc=0.6048 best_thr=0.510 val_acc@thr=0.5993
[subset_bottom_65pct] Epoch 10/30 | lr=5.00e-05 | train_loss=0.6801 train_acc=0.5674 | val_loss=0.6935 val_acc@0.5=0.5402 | val_auc=0.5600 best_thr=0.513 val_acc@thr=0.5552
[subset_bottom_65pct] Early stopping: val_auc did not improve for 5 epochs.
Loaded pretrained weights from: /scratch/st-rohling-1/2025_capstone/xray_runs/run_001/.torch_cache/hub/checkpoints/densenet121-a639ec97.pth
[subset_top_60pct] Epoch 1/30 | lr=1.00e-03 | train_loss=0.4149 train_acc=0.8114 | val_loss=0.7153 val_acc@0.5=0.6654 | val_auc=0.6930 best_thr=0.306 val_acc@thr=0.6548
[subset_top_60pct] Epoch 2/30 | lr=1.00e-03 | train_loss=0.3810 train_acc=0.8326 | val_loss=0.7107 val_acc@0.5=0.6702 | val_auc=0.6988 best_thr=0.317 val_acc@thr=0.6580
[subset_top_60pct] Epoch 3/30 | lr=1.00e-03 | train_loss=0.3808 train_acc=0.8328 | val_loss=0.7252 val_acc@0.5=0.6696 | val_auc=0.7002 best_thr=0.303 val_acc@thr=0.6611
[subset_top_60pct] Epoch 4/30 | lr=1.00e-03 | train_loss=0.3787 train_acc=0.8353 | val_loss=0.7231 val_acc@0.5=0.6714 | val_auc=0.7002 best_thr=0.347 val_acc@thr=0.6624
[subset_top_60pct] Epoch 5/30 | lr=1.00e-03 | train_loss=0.3769 train_acc=0.8335 | val_loss=0.7336 val_acc@0.5=0.6700 | val_auc=0.6992 best_thr=0.305 val_acc@thr=0.6580
[subset_top_60pct] Unfreezing denseblock4 + norm5 at epoch 6
[subset_top_60pct] Epoch 6/30 | lr=1.00e-04 | train_loss=0.2494 train_acc=0.9013 | val_loss=1.0830 val_acc@0.5=0.6899 | val_auc=0.7314 best_thr=0.134 val_acc@thr=0.6813
[subset_top_60pct] Epoch 7/30 | lr=1.00e-04 | train_loss=0.2056 train_acc=0.9216 | val_loss=1.1776 val_acc@0.5=0.6960 | val_auc=0.7360 best_thr=0.130 val_acc@thr=0.6890
[subset_top_60pct] Epoch 8/30 | lr=1.00e-04 | train_loss=0.1812 train_acc=0.9312 | val_loss=1.2118 val_acc@0.5=0.6944 | val_auc=0.7394 best_thr=0.147 val_acc@thr=0.6832
[subset_top_60pct] Epoch 9/30 | lr=1.00e-04 | train_loss=0.1714 train_acc=0.9352 | val_loss=1.0789 val_acc@0.5=0.7012 | val_auc=0.7422 best_thr=0.188 val_acc@thr=0.6935
[subset_top_60pct] Epoch 10/30 | lr=1.00e-04 | train_loss=0.1591 train_acc=0.9392 | val_loss=1.2424 val_acc@0.5=0.7018 | val_auc=0.7485 best_thr=0.105 val_acc@thr=0.6968
[subset_top_60pct] Epoch 11/30 | lr=1.00e-04 | train_loss=0.1474 train_acc=0.9441 | val_loss=1.4054 val_acc@0.5=0.7040 | val_auc=0.7440 best_thr=0.192 val_acc@thr=0.6975
[subset_top_60pct] Epoch 12/30 | lr=1.00e-04 | train_loss=0.1416 train_acc=0.9456 | val_loss=1.2754 val_acc@0.5=0.7070 | val_auc=0.7498 best_thr=0.211 val_acc@thr=0.7072
[subset_top_60pct] Epoch 13/30 | lr=1.00e-04 | train_loss=0.1355 train_acc=0.9496 | val_loss=1.2386 val_acc@0.5=0.7082 | val_auc=0.7512 best_thr=0.203 val_acc@thr=0.7071
[subset_top_60pct] Epoch 14/30 | lr=1.00e-04 | train_loss=0.1325 train_acc=0.9491 | val_loss=1.4173 val_acc@0.5=0.7102 | val_auc=0.7501 best_thr=0.176 val_acc@thr=0.7062
[subset_top_60pct] Epoch 15/30 | lr=1.00e-04 | train_loss=0.1259 train_acc=0.9520 | val_loss=1.4804 val_acc@0.5=0.7077 | val_auc=0.7467 best_thr=0.095 val_acc@thr=0.6975
[subset_top_60pct] Epoch 16/30 | lr=1.00e-04 | train_loss=0.1246 train_acc=0.9518 | val_loss=1.2986 val_acc@0.5=0.7095 | val_auc=0.7526 best_thr=0.205 val_acc@thr=0.7049
[subset_top_60pct] Epoch 17/30 | lr=1.00e-04 | train_loss=0.1173 train_acc=0.9548 | val_loss=1.4171 val_acc@0.5=0.7102 | val_auc=0.7528 best_thr=0.145 val_acc@thr=0.7086
[subset_top_60pct] Epoch 18/30 | lr=1.00e-04 | train_loss=0.1135 train_acc=0.9559 | val_loss=1.3452 val_acc@0.5=0.7097 | val_auc=0.7530 best_thr=0.129 val_acc@thr=0.7042
[subset_top_60pct] Epoch 19/30 | lr=1.00e-04 | train_loss=0.1092 train_acc=0.9585 | val_loss=1.5545 val_acc@0.5=0.7106 | val_auc=0.7543 best_thr=0.117 val_acc@thr=0.7020
[subset_top_60pct] Epoch 20/30 | lr=1.00e-04 | train_loss=0.1047 train_acc=0.9603 | val_loss=1.5919 val_acc@0.5=0.7107 | val_auc=0.7497 best_thr=0.052 val_acc@thr=0.7001
[subset_top_60pct] Epoch 21/30 | lr=1.00e-04 | train_loss=0.1020 train_acc=0.9609 | val_loss=1.4886 val_acc@0.5=0.7091 | val_auc=0.7538 best_thr=0.151 val_acc@thr=0.7087
[subset_top_60pct] Epoch 22/30 | lr=1.00e-04 | train_loss=0.0958 train_acc=0.9632 | val_loss=1.6386 val_acc@0.5=0.7135 | val_auc=0.7552 best_thr=0.215 val_acc@thr=0.7143
[subset_top_60pct] Epoch 23/30 | lr=1.00e-04 | train_loss=0.0962 train_acc=0.9627 | val_loss=1.8401 val_acc@0.5=0.7095 | val_auc=0.7501 best_thr=0.186 val_acc@thr=0.7098
[subset_top_60pct] Epoch 24/30 | lr=1.00e-04 | train_loss=0.0896 train_acc=0.9659 | val_loss=1.6874 val_acc@0.5=0.7136 | val_auc=0.7545 best_thr=0.082 val_acc@thr=0.7107
[subset_top_60pct] Epoch 25/30 | lr=5.00e-05 | train_loss=0.0886 train_acc=0.9659 | val_loss=1.7215 val_acc@0.5=0.7122 | val_auc=0.7528 best_thr=0.129 val_acc@thr=0.7048
[subset_top_60pct] Epoch 26/30 | lr=5.00e-05 | train_loss=0.0794 train_acc=0.9705 | val_loss=1.9398 val_acc@0.5=0.7135 | val_auc=0.7545 best_thr=0.108 val_acc@thr=0.7114
[subset_top_60pct] Epoch 27/30 | lr=5.00e-05 | train_loss=0.0755 train_acc=0.9703 | val_loss=1.7263 val_acc@0.5=0.7150 | val_auc=0.7608 best_thr=0.042 val_acc@thr=0.7092
[subset_top_60pct] Epoch 28/30 | lr=5.00e-05 | train_loss=0.0733 train_acc=0.9719 | val_loss=1.7067 val_acc@0.5=0.7171 | val_auc=0.7602 best_thr=0.078 val_acc@thr=0.7104
[subset_top_60pct] Epoch 29/30 | lr=5.00e-05 | train_loss=0.0709 train_acc=0.9730 | val_loss=1.7172 val_acc@0.5=0.7142 | val_auc=0.7610 best_thr=0.068 val_acc@thr=0.7121
[subset_top_60pct] Epoch 30/30 | lr=5.00e-05 | train_loss=0.0682 train_acc=0.9741 | val_loss=1.7496 val_acc@0.5=0.7151 | val_auc=0.7608 best_thr=0.055 val_acc@thr=0.7095
Loaded pretrained weights from: /scratch/st-rohling-1/2025_capstone/xray_runs/run_001/.torch_cache/hub/checkpoints/densenet121-a639ec97.pth
[subset_bottom_60pct] Epoch 1/30 | lr=1.00e-03 | train_loss=0.7046 train_acc=0.5109 | val_loss=0.6935 val_acc@0.5=0.5224 | val_auc=0.4777 best_thr=0.339 val_acc@thr=0.4199
[subset_bottom_60pct] Epoch 2/30 | lr=1.00e-03 | train_loss=0.7029 train_acc=0.5085 | val_loss=0.7206 val_acc@0.5=0.4213 | val_auc=0.4428 best_thr=0.642 val_acc@thr=0.5813
[subset_bottom_60pct] Epoch 3/30 | lr=1.00e-03 | train_loss=0.7005 train_acc=0.5160 | val_loss=0.6833 val_acc@0.5=0.5748 | val_auc=0.5027 best_thr=0.397 val_acc@thr=0.4758
[subset_bottom_60pct] Epoch 4/30 | lr=1.00e-03 | train_loss=0.7027 train_acc=0.5074 | val_loss=0.7099 val_acc@0.5=0.4502 | val_auc=0.4805 best_thr=0.443 val_acc@thr=0.4259
[subset_bottom_60pct] Epoch 5/30 | lr=1.00e-03 | train_loss=0.7030 train_acc=0.5084 | val_loss=0.6866 val_acc@0.5=0.5528 | val_auc=0.4940 best_thr=0.428 val_acc@thr=0.4764
[subset_bottom_60pct] Unfreezing denseblock4 + norm5 at epoch 6
[subset_bottom_60pct] Epoch 6/30 | lr=1.00e-04 | train_loss=0.6963 train_acc=0.5162 | val_loss=0.7082 val_acc@0.5=0.4694 | val_auc=0.4503 best_thr=0.368 val_acc@thr=0.4211
[subset_bottom_60pct] Epoch 7/30 | lr=1.00e-04 | train_loss=0.6909 train_acc=0.5313 | val_loss=0.7439 val_acc@0.5=0.4406 | val_auc=0.4433 best_thr=0.457 val_acc@thr=0.4301
[subset_bottom_60pct] Epoch 8/30 | lr=1.00e-04 | train_loss=0.6877 train_acc=0.5397 | val_loss=0.7397 val_acc@0.5=0.4430 | val_auc=0.4519 best_thr=0.346 val_acc@thr=0.4194
[subset_bottom_60pct] Early stopping: val_auc did not improve for 5 epochs.
Loaded pretrained weights from: /scratch/st-rohling-1/2025_capstone/xray_runs/run_001/.torch_cache/hub/checkpoints/densenet121-a639ec97.pth
[subset_top_55pct] Epoch 1/30 | lr=1.00e-03 | train_loss=0.4024 train_acc=0.8203 | val_loss=0.7018 val_acc@0.5=0.6646 | val_auc=0.6946 best_thr=0.368 val_acc@thr=0.6613
[subset_top_55pct] Epoch 2/30 | lr=1.00e-03 | train_loss=0.3564 train_acc=0.8464 | val_loss=0.7182 val_acc@0.5=0.6667 | val_auc=0.6988 best_thr=0.407 val_acc@thr=0.6603
[subset_top_55pct] Epoch 3/30 | lr=1.00e-03 | train_loss=0.3533 train_acc=0.8475 | val_loss=0.7344 val_acc@0.5=0.6682 | val_auc=0.6988 best_thr=0.404 val_acc@thr=0.6642
[subset_top_55pct] Epoch 4/30 | lr=1.00e-03 | train_loss=0.3493 train_acc=0.8492 | val_loss=0.7549 val_acc@0.5=0.6693 | val_auc=0.6988 best_thr=0.371 val_acc@thr=0.6682
[subset_top_55pct] Epoch 5/30 | lr=1.00e-03 | train_loss=0.3552 train_acc=0.8467 | val_loss=0.7375 val_acc@0.5=0.6690 | val_auc=0.7013 best_thr=0.418 val_acc@thr=0.6708
[subset_top_55pct] Unfreezing denseblock4 + norm5 at epoch 6
[subset_top_55pct] Epoch 6/30 | lr=1.00e-04 | train_loss=0.2265 train_acc=0.9140 | val_loss=1.1744 val_acc@0.5=0.6905 | val_auc=0.7337 best_thr=0.140 val_acc@thr=0.6894
[subset_top_55pct] Epoch 7/30 | lr=1.00e-04 | train_loss=0.1800 train_acc=0.9325 | val_loss=1.2193 val_acc@0.5=0.6920 | val_auc=0.7372 best_thr=0.096 val_acc@thr=0.6796
[subset_top_55pct] Epoch 8/30 | lr=1.00e-04 | train_loss=0.1572 train_acc=0.9432 | val_loss=1.2491 val_acc@0.5=0.6981 | val_auc=0.7401 best_thr=0.133 val_acc@thr=0.6917
[subset_top_55pct] Epoch 9/30 | lr=1.00e-04 | train_loss=0.1460 train_acc=0.9455 | val_loss=1.2876 val_acc@0.5=0.6998 | val_auc=0.7419 best_thr=0.109 val_acc@thr=0.6900
[subset_top_55pct] Epoch 10/30 | lr=1.00e-04 | train_loss=0.1323 train_acc=0.9506 | val_loss=1.3835 val_acc@0.5=0.7025 | val_auc=0.7451 best_thr=0.058 val_acc@thr=0.6878
[subset_top_55pct] Epoch 11/30 | lr=1.00e-04 | train_loss=0.1252 train_acc=0.9533 | val_loss=1.4717 val_acc@0.5=0.7032 | val_auc=0.7487 best_thr=0.043 val_acc@thr=0.6920
[subset_top_55pct] Epoch 12/30 | lr=1.00e-04 | train_loss=0.1170 train_acc=0.9558 | val_loss=1.6248 val_acc@0.5=0.7031 | val_auc=0.7438 best_thr=0.050 val_acc@thr=0.6890
[subset_top_55pct] Epoch 13/30 | lr=1.00e-04 | train_loss=0.1134 train_acc=0.9584 | val_loss=1.5575 val_acc@0.5=0.7031 | val_auc=0.7468 best_thr=0.103 val_acc@thr=0.6990
[subset_top_55pct] Epoch 14/30 | lr=1.00e-04 | train_loss=0.1076 train_acc=0.9589 | val_loss=1.2929 val_acc@0.5=0.7056 | val_auc=0.7507 best_thr=0.223 val_acc@thr=0.6986
[subset_top_55pct] Epoch 15/30 | lr=1.00e-04 | train_loss=0.1029 train_acc=0.9612 | val_loss=1.5018 val_acc@0.5=0.7045 | val_auc=0.7516 best_thr=0.081 val_acc@thr=0.7002
[subset_top_55pct] Epoch 16/30 | lr=1.00e-04 | train_loss=0.0994 train_acc=0.9625 | val_loss=1.7357 val_acc@0.5=0.7024 | val_auc=0.7486 best_thr=0.020 val_acc@thr=0.6922
[subset_top_55pct] Epoch 17/30 | lr=1.00e-04 | train_loss=0.0962 train_acc=0.9636 | val_loss=1.5839 val_acc@0.5=0.7082 | val_auc=0.7497 best_thr=0.089 val_acc@thr=0.6972
[subset_top_55pct] Epoch 18/30 | lr=1.00e-04 | train_loss=0.0932 train_acc=0.9657 | val_loss=1.4710 val_acc@0.5=0.7135 | val_auc=0.7550 best_thr=0.190 val_acc@thr=0.7089
[subset_top_55pct] Epoch 19/30 | lr=1.00e-04 | train_loss=0.0887 train_acc=0.9681 | val_loss=1.5680 val_acc@0.5=0.7079 | val_auc=0.7497 best_thr=0.126 val_acc@thr=0.7005
[subset_top_55pct] Epoch 20/30 | lr=1.00e-04 | train_loss=0.0824 train_acc=0.9699 | val_loss=1.7624 val_acc@0.5=0.7097 | val_auc=0.7522 best_thr=0.204 val_acc@thr=0.7053
[subset_top_55pct] Epoch 21/30 | lr=5.00e-05 | train_loss=0.0835 train_acc=0.9689 | val_loss=1.7371 val_acc@0.5=0.7104 | val_auc=0.7531 best_thr=0.034 val_acc@thr=0.7008
[subset_top_55pct] Epoch 22/30 | lr=5.00e-05 | train_loss=0.0730 train_acc=0.9734 | val_loss=1.7614 val_acc@0.5=0.7104 | val_auc=0.7537 best_thr=0.096 val_acc@thr=0.7074
[subset_top_55pct] Epoch 23/30 | lr=5.00e-05 | train_loss=0.0716 train_acc=0.9730 | val_loss=1.7184 val_acc@0.5=0.7122 | val_auc=0.7550 best_thr=0.072 val_acc@thr=0.7069
[subset_top_55pct] Epoch 24/30 | lr=5.00e-05 | train_loss=0.0651 train_acc=0.9755 | val_loss=1.6814 val_acc@0.5=0.7135 | val_auc=0.7580 best_thr=0.089 val_acc@thr=0.7084
[subset_top_55pct] Epoch 25/30 | lr=5.00e-05 | train_loss=0.0645 train_acc=0.9760 | val_loss=1.7685 val_acc@0.5=0.7127 | val_auc=0.7577 best_thr=0.072 val_acc@thr=0.7099
[subset_top_55pct] Epoch 26/30 | lr=5.00e-05 | train_loss=0.0633 train_acc=0.9755 | val_loss=1.9018 val_acc@0.5=0.7136 | val_auc=0.7566 best_thr=0.035 val_acc@thr=0.7045
[subset_top_55pct] Epoch 27/30 | lr=2.50e-05 | train_loss=0.0604 train_acc=0.9777 | val_loss=1.9067 val_acc@0.5=0.7105 | val_auc=0.7557 best_thr=0.044 val_acc@thr=0.7049
[subset_top_55pct] Epoch 28/30 | lr=2.50e-05 | train_loss=0.0550 train_acc=0.9789 | val_loss=1.8765 val_acc@0.5=0.7131 | val_auc=0.7560 best_thr=0.149 val_acc@thr=0.7135
[subset_top_55pct] Epoch 29/30 | lr=2.50e-05 | train_loss=0.0519 train_acc=0.9800 | val_loss=1.9668 val_acc@0.5=0.7128 | val_auc=0.7563 best_thr=0.035 val_acc@thr=0.7050
[subset_top_55pct] Early stopping: val_auc did not improve for 5 epochs.
Loaded pretrained weights from: /scratch/st-rohling-1/2025_capstone/xray_runs/run_001/.torch_cache/hub/checkpoints/densenet121-a639ec97.pth
[subset_bottom_55pct] Epoch 1/30 | lr=1.00e-03 | train_loss=0.7046 train_acc=0.5133 | val_loss=0.7130 val_acc@0.5=0.4288 | val_auc=0.3677 best_thr=0.349 val_acc@thr=0.4196
[subset_bottom_55pct] Epoch 2/30 | lr=1.00e-03 | train_loss=0.6977 train_acc=0.5247 | val_loss=0.7222 val_acc@0.5=0.3992 | val_auc=0.3640 best_thr=inf val_acc@thr=0.5809
[subset_bottom_55pct] Epoch 3/30 | lr=1.00e-03 | train_loss=0.6989 train_acc=0.5211 | val_loss=0.7556 val_acc@0.5=0.3926 | val_auc=0.3530 best_thr=0.387 val_acc@thr=0.4192
[subset_bottom_55pct] Epoch 4/30 | lr=5.00e-04 | train_loss=0.6996 train_acc=0.5219 | val_loss=0.7298 val_acc@0.5=0.3848 | val_auc=0.3572 best_thr=0.350 val_acc@thr=0.4192
[subset_bottom_55pct] Epoch 5/30 | lr=5.00e-04 | train_loss=0.6953 train_acc=0.5243 | val_loss=0.7263 val_acc@0.5=0.3806 | val_auc=0.3497 best_thr=inf val_acc@thr=0.5809
[subset_bottom_55pct] Unfreezing denseblock4 + norm5 at epoch 6
[subset_bottom_55pct] Epoch 6/30 | lr=1.00e-04 | train_loss=0.6905 train_acc=0.5307 | val_loss=0.7933 val_acc@0.5=0.3537 | val_auc=0.3115 best_thr=inf val_acc@thr=0.5809
[subset_bottom_55pct] Early stopping: val_auc did not improve for 5 epochs.
Loaded pretrained weights from: /scratch/st-rohling-1/2025_capstone/xray_runs/run_001/.torch_cache/hub/checkpoints/densenet121-a639ec97.pth
[subset_top_50pct] Epoch 1/30 | lr=1.00e-03 | train_loss=0.3911 train_acc=0.8260 | val_loss=0.7164 val_acc@0.5=0.6660 | val_auc=0.6955 best_thr=0.296 val_acc@thr=0.6577
[subset_top_50pct] Epoch 2/30 | lr=1.00e-03 | train_loss=0.3401 train_acc=0.8548 | val_loss=0.7218 val_acc@0.5=0.6663 | val_auc=0.6988 best_thr=0.403 val_acc@thr=0.6610
[subset_top_50pct] Epoch 3/30 | lr=1.00e-03 | train_loss=0.3371 train_acc=0.8560 | val_loss=0.7611 val_acc@0.5=0.6671 | val_auc=0.6979 best_thr=0.349 val_acc@thr=0.6681
[subset_top_50pct] Epoch 4/30 | lr=1.00e-03 | train_loss=0.3351 train_acc=0.8571 | val_loss=0.7302 val_acc@0.5=0.6704 | val_auc=0.7015 best_thr=0.368 val_acc@thr=0.6609
[subset_top_50pct] Epoch 5/30 | lr=1.00e-03 | train_loss=0.3322 train_acc=0.8594 | val_loss=0.7437 val_acc@0.5=0.6687 | val_auc=0.7000 best_thr=0.378 val_acc@thr=0.6648
[subset_top_50pct] Unfreezing denseblock4 + norm5 at epoch 6
[subset_top_50pct] Epoch 6/30 | lr=1.00e-04 | train_loss=0.2094 train_acc=0.9202 | val_loss=1.2022 val_acc@0.5=0.6893 | val_auc=0.7322 best_thr=0.187 val_acc@thr=0.6860
[subset_top_50pct] Epoch 7/30 | lr=1.00e-04 | train_loss=0.1596 train_acc=0.9425 | val_loss=1.2141 val_acc@0.5=0.6987 | val_auc=0.7392 best_thr=0.343 val_acc@thr=0.6946
[subset_top_50pct] Epoch 8/30 | lr=1.00e-04 | train_loss=0.1372 train_acc=0.9509 | val_loss=1.2192 val_acc@0.5=0.6982 | val_auc=0.7416 best_thr=0.188 val_acc@thr=0.6876
[subset_top_50pct] Epoch 9/30 | lr=1.00e-04 | train_loss=0.1291 train_acc=0.9527 | val_loss=1.2243 val_acc@0.5=0.7010 | val_auc=0.7446 best_thr=0.156 val_acc@thr=0.6876
[subset_top_50pct] Epoch 10/30 | lr=1.00e-04 | train_loss=0.1151 train_acc=0.9598 | val_loss=1.6135 val_acc@0.5=0.7032 | val_auc=0.7430 best_thr=0.126 val_acc@thr=0.6986
[subset_top_50pct] Epoch 11/30 | lr=1.00e-04 | train_loss=0.1097 train_acc=0.9595 | val_loss=1.6857 val_acc@0.5=0.6993 | val_auc=0.7447 best_thr=0.138 val_acc@thr=0.6987
[subset_top_50pct] Epoch 12/30 | lr=1.00e-04 | train_loss=0.1033 train_acc=0.9628 | val_loss=1.6896 val_acc@0.5=0.7012 | val_auc=0.7473 best_thr=0.050 val_acc@thr=0.6961
[subset_top_50pct] Epoch 13/30 | lr=1.00e-04 | train_loss=0.0980 train_acc=0.9640 | val_loss=1.5362 val_acc@0.5=0.7039 | val_auc=0.7463 best_thr=0.127 val_acc@thr=0.6995
[subset_top_50pct] Epoch 14/30 | lr=1.00e-04 | train_loss=0.0905 train_acc=0.9658 | val_loss=1.5585 val_acc@0.5=0.7040 | val_auc=0.7496 best_thr=0.082 val_acc@thr=0.6976
[subset_top_50pct] Epoch 15/30 | lr=1.00e-04 | train_loss=0.0867 train_acc=0.9674 | val_loss=1.5843 val_acc@0.5=0.7071 | val_auc=0.7496 best_thr=0.100 val_acc@thr=0.6927
[subset_top_50pct] Epoch 16/30 | lr=1.00e-04 | train_loss=0.0815 train_acc=0.9694 | val_loss=1.5901 val_acc@0.5=0.7079 | val_auc=0.7515 best_thr=0.162 val_acc@thr=0.7006
[subset_top_50pct] Epoch 17/30 | lr=1.00e-04 | train_loss=0.0794 train_acc=0.9702 | val_loss=2.0105 val_acc@0.5=0.7061 | val_auc=0.7483 best_thr=0.034 val_acc@thr=0.6965
[subset_top_50pct] Epoch 18/30 | lr=1.00e-04 | train_loss=0.0761 train_acc=0.9718 | val_loss=1.4734 val_acc@0.5=0.7077 | val_auc=0.7523 best_thr=0.115 val_acc@thr=0.6998
[subset_top_50pct] Epoch 19/30 | lr=1.00e-04 | train_loss=0.0722 train_acc=0.9737 | val_loss=1.6297 val_acc@0.5=0.7064 | val_auc=0.7525 best_thr=0.140 val_acc@thr=0.7043
[subset_top_50pct] Epoch 20/30 | lr=1.00e-04 | train_loss=0.0674 train_acc=0.9750 | val_loss=1.7808 val_acc@0.5=0.7130 | val_auc=0.7516 best_thr=0.105 val_acc@thr=0.7071
[subset_top_50pct] Epoch 21/30 | lr=1.00e-04 | train_loss=0.0669 train_acc=0.9752 | val_loss=1.7322 val_acc@0.5=0.7087 | val_auc=0.7531 best_thr=0.149 val_acc@thr=0.7072
[subset_top_50pct] Epoch 22/30 | lr=1.00e-04 | train_loss=0.0652 train_acc=0.9751 | val_loss=2.1215 val_acc@0.5=0.7090 | val_auc=0.7503 best_thr=0.028 val_acc@thr=0.7001
[subset_top_50pct] Epoch 23/30 | lr=1.00e-04 | train_loss=0.0598 train_acc=0.9780 | val_loss=2.0812 val_acc@0.5=0.7079 | val_auc=0.7499 best_thr=0.027 val_acc@thr=0.6993
[subset_top_50pct] Epoch 24/30 | lr=5.00e-05 | train_loss=0.0611 train_acc=0.9767 | val_loss=2.2525 val_acc@0.5=0.7120 | val_auc=0.7525 best_thr=0.035 val_acc@thr=0.7043
[subset_top_50pct] Epoch 25/30 | lr=5.00e-05 | train_loss=0.0484 train_acc=0.9822 | val_loss=2.0460 val_acc@0.5=0.7128 | val_auc=0.7546 best_thr=0.141 val_acc@thr=0.7109
[subset_top_50pct] Epoch 26/30 | lr=5.00e-05 | train_loss=0.0477 train_acc=0.9832 | val_loss=2.1954 val_acc@0.5=0.7138 | val_auc=0.7532 best_thr=0.052 val_acc@thr=0.7054
[subset_top_50pct] Epoch 27/30 | lr=5.00e-05 | train_loss=0.0458 train_acc=0.9828 | val_loss=2.0126 val_acc@0.5=0.7158 | val_auc=0.7565 best_thr=0.087 val_acc@thr=0.7110
[subset_top_50pct] Epoch 28/30 | lr=5.00e-05 | train_loss=0.0454 train_acc=0.9831 | val_loss=1.8240 val_acc@0.5=0.7141 | val_auc=0.7572 best_thr=0.225 val_acc@thr=0.7123
[subset_top_50pct] Epoch 29/30 | lr=5.00e-05 | train_loss=0.0435 train_acc=0.9849 | val_loss=1.9370 val_acc@0.5=0.7110 | val_auc=0.7544 best_thr=0.139 val_acc@thr=0.7106
[subset_top_50pct] Epoch 30/30 | lr=5.00e-05 | train_loss=0.0416 train_acc=0.9844 | val_loss=2.3717 val_acc@0.5=0.7153 | val_auc=0.7544 best_thr=0.035 val_acc@thr=0.7092
Loaded pretrained weights from: /scratch/st-rohling-1/2025_capstone/xray_runs/run_001/.torch_cache/hub/checkpoints/densenet121-a639ec97.pth
[subset_bottom_50pct] Epoch 1/30 | lr=1.00e-03 | train_loss=0.6958 train_acc=0.5417 | val_loss=0.7505 val_acc@0.5=0.3797 | val_auc=0.3248 best_thr=0.263 val_acc@thr=0.4192
[subset_bottom_50pct] Epoch 2/30 | lr=1.00e-03 | train_loss=0.6926 train_acc=0.5424 | val_loss=0.8143 val_acc@0.5=0.3872 | val_auc=0.3286 best_thr=inf val_acc@thr=0.5809
[subset_bottom_50pct] Epoch 3/30 | lr=1.00e-03 | train_loss=0.6912 train_acc=0.5456 | val_loss=0.7437 val_acc@0.5=0.3752 | val_auc=0.3164 best_thr=inf val_acc@thr=0.5809
[subset_bottom_50pct] Epoch 4/30 | lr=1.00e-03 | train_loss=0.6902 train_acc=0.5465 | val_loss=0.7656 val_acc@0.5=0.3515 | val_auc=0.3210 best_thr=0.329 val_acc@thr=0.4194
[subset_bottom_50pct] Epoch 5/30 | lr=5.00e-04 | train_loss=0.6918 train_acc=0.5465 | val_loss=0.7771 val_acc@0.5=0.3499 | val_auc=0.3182 best_thr=inf val_acc@thr=0.5809
[subset_bottom_50pct] Unfreezing denseblock4 + norm5 at epoch 6
[subset_bottom_50pct] Epoch 6/30 | lr=1.00e-04 | train_loss=0.6807 train_acc=0.5631 | val_loss=0.8353 val_acc@0.5=0.3430 | val_auc=0.2969 best_thr=inf val_acc@thr=0.5809
[subset_bottom_50pct] Epoch 7/30 | lr=1.00e-04 | train_loss=0.6756 train_acc=0.5672 | val_loss=0.8576 val_acc@0.5=0.3397 | val_auc=0.2964 best_thr=0.187 val_acc@thr=0.4192
[subset_bottom_50pct] Early stopping: val_auc did not improve for 5 epochs.
Loaded pretrained weights from: /scratch/st-rohling-1/2025_capstone/xray_runs/run_001/.torch_cache/hub/checkpoints/densenet121-a639ec97.pth
[subset_top_45pct] Epoch 1/30 | lr=1.00e-03 | train_loss=0.3871 train_acc=0.8305 | val_loss=0.7046 val_acc@0.5=0.6674 | val_auc=0.6957 best_thr=0.407 val_acc@thr=0.6679
[subset_top_45pct] Epoch 2/30 | lr=1.00e-03 | train_loss=0.3264 train_acc=0.8630 | val_loss=0.7250 val_acc@0.5=0.6694 | val_auc=0.6993 best_thr=0.346 val_acc@thr=0.6594
[subset_top_45pct] Epoch 3/30 | lr=1.00e-03 | train_loss=0.3192 train_acc=0.8620 | val_loss=0.7443 val_acc@0.5=0.6720 | val_auc=0.7009 best_thr=0.323 val_acc@thr=0.6630
[subset_top_45pct] Epoch 4/30 | lr=1.00e-03 | train_loss=0.3143 train_acc=0.8675 | val_loss=0.7424 val_acc@0.5=0.6718 | val_auc=0.7022 best_thr=0.408 val_acc@thr=0.6692
[subset_top_45pct] Epoch 5/30 | lr=1.00e-03 | train_loss=0.3225 train_acc=0.8652 | val_loss=0.7810 val_acc@0.5=0.6698 | val_auc=0.7009 best_thr=0.287 val_acc@thr=0.6666
[subset_top_45pct] Unfreezing denseblock4 + norm5 at epoch 6
[subset_top_45pct] Epoch 6/30 | lr=1.00e-04 | train_loss=0.1916 train_acc=0.9277 | val_loss=1.1352 val_acc@0.5=0.6911 | val_auc=0.7343 best_thr=0.224 val_acc@thr=0.6839
[subset_top_45pct] Epoch 7/30 | lr=1.00e-04 | train_loss=0.1491 train_acc=0.9448 | val_loss=1.3183 val_acc@0.5=0.6915 | val_auc=0.7360 best_thr=0.273 val_acc@thr=0.6880
[subset_top_45pct] Epoch 8/30 | lr=1.00e-04 | train_loss=0.1288 train_acc=0.9538 | val_loss=1.3881 val_acc@0.5=0.6964 | val_auc=0.7429 best_thr=0.112 val_acc@thr=0.6943
[subset_top_45pct] Epoch 9/30 | lr=1.00e-04 | train_loss=0.1164 train_acc=0.9575 | val_loss=1.3594 val_acc@0.5=0.7006 | val_auc=0.7440 best_thr=0.119 val_acc@thr=0.6926
[subset_top_45pct] Epoch 10/30 | lr=1.00e-04 | train_loss=0.1059 train_acc=0.9627 | val_loss=1.4654 val_acc@0.5=0.6986 | val_auc=0.7430 best_thr=0.063 val_acc@thr=0.6887
[subset_top_45pct] Epoch 11/30 | lr=1.00e-04 | train_loss=0.0997 train_acc=0.9637 | val_loss=1.5503 val_acc@0.5=0.7013 | val_auc=0.7461 best_thr=0.148 val_acc@thr=0.6982
[subset_top_45pct] Epoch 12/30 | lr=1.00e-04 | train_loss=0.0914 train_acc=0.9673 | val_loss=1.4194 val_acc@0.5=0.7017 | val_auc=0.7467 best_thr=0.159 val_acc@thr=0.6928
[subset_top_45pct] Epoch 13/30 | lr=1.00e-04 | train_loss=0.0852 train_acc=0.9692 | val_loss=1.5180 val_acc@0.5=0.7027 | val_auc=0.7495 best_thr=0.110 val_acc@thr=0.6945
[subset_top_45pct] Epoch 14/30 | lr=1.00e-04 | train_loss=0.0768 train_acc=0.9717 | val_loss=1.6235 val_acc@0.5=0.7047 | val_auc=0.7498 best_thr=0.071 val_acc@thr=0.6952
[subset_top_45pct] Epoch 15/30 | lr=1.00e-04 | train_loss=0.0779 train_acc=0.9716 | val_loss=1.5914 val_acc@0.5=0.7016 | val_auc=0.7463 best_thr=0.072 val_acc@thr=0.6892
[subset_top_45pct] Epoch 16/30 | lr=1.00e-04 | train_loss=0.0691 train_acc=0.9746 | val_loss=1.6320 val_acc@0.5=0.7027 | val_auc=0.7490 best_thr=0.098 val_acc@thr=0.7015
[subset_top_45pct] Epoch 17/30 | lr=5.00e-05 | train_loss=0.0705 train_acc=0.9747 | val_loss=1.9374 val_acc@0.5=0.7071 | val_auc=0.7497 best_thr=0.025 val_acc@thr=0.6952
[subset_top_45pct] Epoch 18/30 | lr=5.00e-05 | train_loss=0.0608 train_acc=0.9781 | val_loss=1.8655 val_acc@0.5=0.7058 | val_auc=0.7507 best_thr=0.045 val_acc@thr=0.7017
[subset_top_45pct] Epoch 19/30 | lr=5.00e-05 | train_loss=0.0579 train_acc=0.9802 | val_loss=1.7062 val_acc@0.5=0.7049 | val_auc=0.7527 best_thr=0.098 val_acc@thr=0.6961
[subset_top_45pct] Epoch 20/30 | lr=5.00e-05 | train_loss=0.0509 train_acc=0.9813 | val_loss=1.9912 val_acc@0.5=0.7080 | val_auc=0.7508 best_thr=0.056 val_acc@thr=0.7030
[subset_top_45pct] Epoch 21/30 | lr=5.00e-05 | train_loss=0.0518 train_acc=0.9814 | val_loss=1.8294 val_acc@0.5=0.7055 | val_auc=0.7537 best_thr=0.074 val_acc@thr=0.6980
[subset_top_45pct] Epoch 22/30 | lr=5.00e-05 | train_loss=0.0478 train_acc=0.9827 | val_loss=1.8850 val_acc@0.5=0.7094 | val_auc=0.7547 best_thr=0.032 val_acc@thr=0.6979
[subset_top_45pct] Epoch 23/30 | lr=5.00e-05 | train_loss=0.0471 train_acc=0.9816 | val_loss=1.9454 val_acc@0.5=0.7056 | val_auc=0.7535 best_thr=0.037 val_acc@thr=0.6973
[subset_top_45pct] Epoch 24/30 | lr=5.00e-05 | train_loss=0.0486 train_acc=0.9822 | val_loss=1.9277 val_acc@0.5=0.7090 | val_auc=0.7533 best_thr=0.051 val_acc@thr=0.7019
[subset_top_45pct] Epoch 25/30 | lr=2.50e-05 | train_loss=0.0438 train_acc=0.9844 | val_loss=2.1006 val_acc@0.5=0.7075 | val_auc=0.7520 best_thr=0.042 val_acc@thr=0.7010
[subset_top_45pct] Epoch 26/30 | lr=2.50e-05 | train_loss=0.0411 train_acc=0.9856 | val_loss=1.9779 val_acc@0.5=0.7106 | val_auc=0.7552 best_thr=0.127 val_acc@thr=0.7083
[subset_top_45pct] Epoch 27/30 | lr=2.50e-05 | train_loss=0.0366 train_acc=0.9864 | val_loss=1.9385 val_acc@0.5=0.7105 | val_auc=0.7557 best_thr=0.014 val_acc@thr=0.6926
[subset_top_45pct] Epoch 28/30 | lr=2.50e-05 | train_loss=0.0403 train_acc=0.9855 | val_loss=2.0390 val_acc@0.5=0.7071 | val_auc=0.7539 best_thr=0.017 val_acc@thr=0.6960
[subset_top_45pct] Epoch 29/30 | lr=2.50e-05 | train_loss=0.0371 train_acc=0.9858 | val_loss=1.9948 val_acc@0.5=0.7098 | val_auc=0.7556 best_thr=0.055 val_acc@thr=0.7028
[subset_top_45pct] Epoch 30/30 | lr=1.25e-05 | train_loss=0.0366 train_acc=0.9869 | val_loss=2.0857 val_acc@0.5=0.7114 | val_auc=0.7549 best_thr=0.056 val_acc@thr=0.7072
Loaded pretrained weights from: /scratch/st-rohling-1/2025_capstone/xray_runs/run_001/.torch_cache/hub/checkpoints/densenet121-a639ec97.pth
[subset_bottom_45pct] Epoch 1/30 | lr=1.00e-03 | train_loss=0.6828 train_acc=0.5724 | val_loss=0.8273 val_acc@0.5=0.3546 | val_auc=0.3186 best_thr=inf val_acc@thr=0.5809
[subset_bottom_45pct] Epoch 2/30 | lr=1.00e-03 | train_loss=0.6767 train_acc=0.5777 | val_loss=0.8092 val_acc@0.5=0.3387 | val_auc=0.3107 best_thr=0.807 val_acc@thr=0.5809
[subset_bottom_45pct] Epoch 3/30 | lr=1.00e-03 | train_loss=0.6735 train_acc=0.5845 | val_loss=0.8119 val_acc@0.5=0.3441 | val_auc=0.3125 best_thr=inf val_acc@thr=0.5809
[subset_bottom_45pct] Epoch 4/30 | lr=5.00e-04 | train_loss=0.6752 train_acc=0.5840 | val_loss=0.8595 val_acc@0.5=0.3619 | val_auc=0.3075 best_thr=inf val_acc@thr=0.5809
[subset_bottom_45pct] Epoch 5/30 | lr=5.00e-04 | train_loss=0.6696 train_acc=0.5866 | val_loss=0.8160 val_acc@0.5=0.3423 | val_auc=0.3102 best_thr=inf val_acc@thr=0.5809
[subset_bottom_45pct] Unfreezing denseblock4 + norm5 at epoch 6
[subset_bottom_45pct] Epoch 6/30 | lr=1.00e-04 | train_loss=0.6586 train_acc=0.6018 | val_loss=0.9373 val_acc@0.5=0.3343 | val_auc=0.2882 best_thr=inf val_acc@thr=0.5809
[subset_bottom_45pct] Early stopping: val_auc did not improve for 5 epochs.
Loaded pretrained weights from: /scratch/st-rohling-1/2025_capstone/xray_runs/run_001/.torch_cache/hub/checkpoints/densenet121-a639ec97.pth
[subset_top_40pct] Epoch 1/30 | lr=1.00e-03 | train_loss=0.3782 train_acc=0.8351 | val_loss=0.6895 val_acc@0.5=0.6657 | val_auc=0.6962 best_thr=0.408 val_acc@thr=0.6623
[subset_top_40pct] Epoch 2/30 | lr=1.00e-03 | train_loss=0.3162 train_acc=0.8670 | val_loss=0.7205 val_acc@0.5=0.6694 | val_auc=0.7003 best_thr=0.398 val_acc@thr=0.6640
[subset_top_40pct] Epoch 3/30 | lr=1.00e-03 | train_loss=0.3117 train_acc=0.8694 | val_loss=0.7271 val_acc@0.5=0.6713 | val_auc=0.7021 best_thr=0.397 val_acc@thr=0.6645
[subset_top_40pct] Epoch 4/30 | lr=1.00e-03 | train_loss=0.3064 train_acc=0.8707 | val_loss=0.8008 val_acc@0.5=0.6625 | val_auc=0.7018 best_thr=0.279 val_acc@thr=0.6692
[subset_top_40pct] Epoch 5/30 | lr=1.00e-03 | train_loss=0.3032 train_acc=0.8722 | val_loss=0.7573 val_acc@0.5=0.6727 | val_auc=0.7024 best_thr=0.386 val_acc@thr=0.6687
[subset_top_40pct] Unfreezing denseblock4 + norm5 at epoch 6
[subset_top_40pct] Epoch 6/30 | lr=1.00e-04 | train_loss=0.1877 train_acc=0.9310 | val_loss=1.0575 val_acc@0.5=0.6863 | val_auc=0.7332 best_thr=0.339 val_acc@thr=0.6861
[subset_top_40pct] Epoch 7/30 | lr=1.00e-04 | train_loss=0.1452 train_acc=0.9484 | val_loss=1.2002 val_acc@0.5=0.6952 | val_auc=0.7386 best_thr=0.193 val_acc@thr=0.6894
[subset_top_40pct] Epoch 8/30 | lr=1.00e-04 | train_loss=0.1221 train_acc=0.9567 | val_loss=1.3538 val_acc@0.5=0.6956 | val_auc=0.7414 best_thr=0.208 val_acc@thr=0.6927
[subset_top_40pct] Epoch 9/30 | lr=1.00e-04 | train_loss=0.1076 train_acc=0.9611 | val_loss=1.4018 val_acc@0.5=0.6943 | val_auc=0.7414 best_thr=0.176 val_acc@thr=0.6878
[subset_top_40pct] Epoch 10/30 | lr=1.00e-04 | train_loss=0.0974 train_acc=0.9652 | val_loss=1.3207 val_acc@0.5=0.6978 | val_auc=0.7435 best_thr=0.275 val_acc@thr=0.6972
[subset_top_40pct] Epoch 11/30 | lr=1.00e-04 | train_loss=0.0917 train_acc=0.9670 | val_loss=1.5365 val_acc@0.5=0.7047 | val_auc=0.7462 best_thr=0.199 val_acc@thr=0.6976
[subset_top_40pct] Epoch 12/30 | lr=1.00e-04 | train_loss=0.0826 train_acc=0.9699 | val_loss=1.5501 val_acc@0.5=0.7004 | val_auc=0.7461 best_thr=0.246 val_acc@thr=0.6979
[subset_top_40pct] Epoch 13/30 | lr=1.00e-04 | train_loss=0.0812 train_acc=0.9713 | val_loss=1.6160 val_acc@0.5=0.7006 | val_auc=0.7440 best_thr=0.061 val_acc@thr=0.6933
[subset_top_40pct] Epoch 14/30 | lr=1.00e-04 | train_loss=0.0743 train_acc=0.9746 | val_loss=1.4409 val_acc@0.5=0.6998 | val_auc=0.7498 best_thr=0.163 val_acc@thr=0.6927
[subset_top_40pct] Epoch 15/30 | lr=1.00e-04 | train_loss=0.0671 train_acc=0.9755 | val_loss=1.6638 val_acc@0.5=0.7050 | val_auc=0.7485 best_thr=0.088 val_acc@thr=0.7016
[subset_top_40pct] Epoch 16/30 | lr=1.00e-04 | train_loss=0.0640 train_acc=0.9768 | val_loss=1.5978 val_acc@0.5=0.7002 | val_auc=0.7485 best_thr=0.116 val_acc@thr=0.6935
[subset_top_40pct] Epoch 17/30 | lr=5.00e-05 | train_loss=0.0630 train_acc=0.9766 | val_loss=1.6600 val_acc@0.5=0.7027 | val_auc=0.7493 best_thr=0.049 val_acc@thr=0.6960
[subset_top_40pct] Epoch 18/30 | lr=5.00e-05 | train_loss=0.0547 train_acc=0.9790 | val_loss=1.6747 val_acc@0.5=0.7056 | val_auc=0.7502 best_thr=0.213 val_acc@thr=0.7053
[subset_top_40pct] Epoch 19/30 | lr=5.00e-05 | train_loss=0.0518 train_acc=0.9811 | val_loss=1.7831 val_acc@0.5=0.7065 | val_auc=0.7526 best_thr=0.053 val_acc@thr=0.6972
[subset_top_40pct] Epoch 20/30 | lr=5.00e-05 | train_loss=0.0474 train_acc=0.9828 | val_loss=1.9323 val_acc@0.5=0.7071 | val_auc=0.7517 best_thr=0.113 val_acc@thr=0.7020
[subset_top_40pct] Epoch 21/30 | lr=5.00e-05 | train_loss=0.0437 train_acc=0.9837 | val_loss=1.8355 val_acc@0.5=0.7095 | val_auc=0.7521 best_thr=0.100 val_acc@thr=0.7043
[subset_top_40pct] Epoch 22/30 | lr=2.50e-05 | train_loss=0.0464 train_acc=0.9816 | val_loss=1.8639 val_acc@0.5=0.7068 | val_auc=0.7514 best_thr=0.055 val_acc@thr=0.6942
[subset_top_40pct] Epoch 23/30 | lr=2.50e-05 | train_loss=0.0397 train_acc=0.9853 | val_loss=1.9078 val_acc@0.5=0.7071 | val_auc=0.7520 best_thr=0.083 val_acc@thr=0.7009
[subset_top_40pct] Epoch 24/30 | lr=2.50e-05 | train_loss=0.0399 train_acc=0.9848 | val_loss=2.0142 val_acc@0.5=0.7069 | val_auc=0.7537 best_thr=0.034 val_acc@thr=0.7039
[subset_top_40pct] Epoch 25/30 | lr=2.50e-05 | train_loss=0.0378 train_acc=0.9869 | val_loss=2.0401 val_acc@0.5=0.7104 | val_auc=0.7533 best_thr=0.236 val_acc@thr=0.7109
[subset_top_40pct] Epoch 26/30 | lr=2.50e-05 | train_loss=0.0349 train_acc=0.9875 | val_loss=2.0424 val_acc@0.5=0.7107 | val_auc=0.7529 best_thr=0.145 val_acc@thr=0.7107
[subset_top_40pct] Epoch 27/30 | lr=2.50e-05 | train_loss=0.0378 train_acc=0.9863 | val_loss=2.0538 val_acc@0.5=0.7094 | val_auc=0.7544 best_thr=0.070 val_acc@thr=0.7006
[subset_top_40pct] Epoch 28/30 | lr=2.50e-05 | train_loss=0.0363 train_acc=0.9867 | val_loss=2.0896 val_acc@0.5=0.7117 | val_auc=0.7540 best_thr=0.062 val_acc@thr=0.7027
[subset_top_40pct] Epoch 29/30 | lr=2.50e-05 | train_loss=0.0324 train_acc=0.9876 | val_loss=2.0833 val_acc@0.5=0.7099 | val_auc=0.7529 best_thr=0.222 val_acc@thr=0.7113
[subset_top_40pct] Epoch 30/30 | lr=1.25e-05 | train_loss=0.0323 train_acc=0.9886 | val_loss=2.1055 val_acc@0.5=0.7095 | val_auc=0.7538 best_thr=0.059 val_acc@thr=0.7011
Loaded pretrained weights from: /scratch/st-rohling-1/2025_capstone/xray_runs/run_001/.torch_cache/hub/checkpoints/densenet121-a639ec97.pth
[subset_bottom_40pct] Epoch 1/30 | lr=1.00e-03 | train_loss=0.6651 train_acc=0.5991 | val_loss=0.8524 val_acc@0.5=0.3376 | val_auc=0.3119 best_thr=inf val_acc@thr=0.5809
[subset_bottom_40pct] Epoch 2/30 | lr=1.00e-03 | train_loss=0.6524 train_acc=0.6199 | val_loss=0.8479 val_acc@0.5=0.3418 | val_auc=0.3130 best_thr=0.186 val_acc@thr=0.4192
[subset_bottom_40pct] Epoch 3/30 | lr=1.00e-03 | train_loss=0.6512 train_acc=0.6219 | val_loss=0.8850 val_acc@0.5=0.3443 | val_auc=0.3155 best_thr=inf val_acc@thr=0.5809
[subset_bottom_40pct] Epoch 4/30 | lr=1.00e-03 | train_loss=0.6494 train_acc=0.6195 | val_loss=0.8574 val_acc@0.5=0.3452 | val_auc=0.3102 best_thr=inf val_acc@thr=0.5809
[subset_bottom_40pct] Epoch 5/30 | lr=1.00e-03 | train_loss=0.6516 train_acc=0.6211 | val_loss=0.9323 val_acc@0.5=0.3549 | val_auc=0.3147 best_thr=inf val_acc@thr=0.5809
[subset_bottom_40pct] Unfreezing denseblock4 + norm5 at epoch 6
[subset_bottom_40pct] Epoch 6/30 | lr=1.00e-04 | train_loss=0.6322 train_acc=0.6415 | val_loss=1.1742 val_acc@0.5=0.3235 | val_auc=0.2839 best_thr=inf val_acc@thr=0.5809
[subset_bottom_40pct] Epoch 7/30 | lr=1.00e-04 | train_loss=0.6164 train_acc=0.6510 | val_loss=1.1157 val_acc@0.5=0.3205 | val_auc=0.2775 best_thr=inf val_acc@thr=0.5809
[subset_bottom_40pct] Epoch 8/30 | lr=1.00e-04 | train_loss=0.6085 train_acc=0.6576 | val_loss=1.1458 val_acc@0.5=0.3180 | val_auc=0.2753 best_thr=0.053 val_acc@thr=0.4192
[subset_bottom_40pct] Early stopping: val_auc did not improve for 5 epochs.
Loaded pretrained weights from: /scratch/st-rohling-1/2025_capstone/xray_runs/run_001/.torch_cache/hub/checkpoints/densenet121-a639ec97.pth
[subset_top_35pct] Epoch 1/30 | lr=1.00e-03 | train_loss=0.3904 train_acc=0.8271 | val_loss=0.6733 val_acc@0.5=0.6670 | val_auc=0.6967 best_thr=0.429 val_acc@thr=0.6649
[subset_top_35pct] Epoch 2/30 | lr=1.00e-03 | train_loss=0.3119 train_acc=0.8685 | val_loss=0.7818 val_acc@0.5=0.6537 | val_auc=0.6999 best_thr=0.234 val_acc@thr=0.6647
[subset_top_35pct] Epoch 3/30 | lr=1.00e-03 | train_loss=0.3015 train_acc=0.8734 | val_loss=0.7207 val_acc@0.5=0.6672 | val_auc=0.7013 best_thr=0.408 val_acc@thr=0.6594
[subset_top_35pct] Epoch 4/30 | lr=1.00e-03 | train_loss=0.2941 train_acc=0.8773 | val_loss=0.7615 val_acc@0.5=0.6694 | val_auc=0.7022 best_thr=0.340 val_acc@thr=0.6687
[subset_top_35pct] Epoch 5/30 | lr=1.00e-03 | train_loss=0.2971 train_acc=0.8763 | val_loss=0.7603 val_acc@0.5=0.6705 | val_auc=0.7023 best_thr=0.361 val_acc@thr=0.6687
[subset_top_35pct] Unfreezing denseblock4 + norm5 at epoch 6
[subset_top_35pct] Epoch 6/30 | lr=1.00e-04 | train_loss=0.1827 train_acc=0.9323 | val_loss=1.2054 val_acc@0.5=0.6896 | val_auc=0.7325 best_thr=0.127 val_acc@thr=0.6852
[subset_top_35pct] Epoch 7/30 | lr=1.00e-04 | train_loss=0.1330 train_acc=0.9534 | val_loss=1.3538 val_acc@0.5=0.6928 | val_auc=0.7348 best_thr=0.070 val_acc@thr=0.6811
[subset_top_35pct] Epoch 8/30 | lr=1.00e-04 | train_loss=0.1175 train_acc=0.9583 | val_loss=1.2527 val_acc@0.5=0.6960 | val_auc=0.7395 best_thr=0.144 val_acc@thr=0.6861
[subset_top_35pct] Epoch 9/30 | lr=1.00e-04 | train_loss=0.1046 train_acc=0.9630 | val_loss=1.3399 val_acc@0.5=0.6944 | val_auc=0.7387 best_thr=0.161 val_acc@thr=0.6886
[subset_top_35pct] Epoch 10/30 | lr=1.00e-04 | train_loss=0.0962 train_acc=0.9665 | val_loss=1.3991 val_acc@0.5=0.6985 | val_auc=0.7442 best_thr=0.072 val_acc@thr=0.6909
[subset_top_35pct] Epoch 11/30 | lr=1.00e-04 | train_loss=0.0871 train_acc=0.9684 | val_loss=1.4703 val_acc@0.5=0.6973 | val_auc=0.7428 best_thr=0.068 val_acc@thr=0.6880
[subset_top_35pct] Epoch 12/30 | lr=1.00e-04 | train_loss=0.0797 train_acc=0.9716 | val_loss=1.4769 val_acc@0.5=0.6989 | val_auc=0.7477 best_thr=0.082 val_acc@thr=0.6953
[subset_top_35pct] Epoch 13/30 | lr=1.00e-04 | train_loss=0.0719 train_acc=0.9747 | val_loss=1.5929 val_acc@0.5=0.6960 | val_auc=0.7472 best_thr=0.047 val_acc@thr=0.6907
[subset_top_35pct] Epoch 14/30 | lr=1.00e-04 | train_loss=0.0722 train_acc=0.9744 | val_loss=1.7113 val_acc@0.5=0.7027 | val_auc=0.7464 best_thr=0.022 val_acc@thr=0.6857
[subset_top_35pct] Epoch 15/30 | lr=1.00e-04 | train_loss=0.0643 train_acc=0.9770 | val_loss=1.5245 val_acc@0.5=0.7062 | val_auc=0.7494 best_thr=0.316 val_acc@thr=0.7039
[subset_top_35pct] Epoch 16/30 | lr=1.00e-04 | train_loss=0.0650 train_acc=0.9766 | val_loss=1.8704 val_acc@0.5=0.7004 | val_auc=0.7475 best_thr=0.037 val_acc@thr=0.6922
[subset_top_35pct] Epoch 17/30 | lr=1.00e-04 | train_loss=0.0570 train_acc=0.9790 | val_loss=1.9053 val_acc@0.5=0.7025 | val_auc=0.7467 best_thr=0.060 val_acc@thr=0.6983
[subset_top_35pct] Epoch 18/30 | lr=5.00e-05 | train_loss=0.0535 train_acc=0.9806 | val_loss=2.0376 val_acc@0.5=0.7018 | val_auc=0.7486 best_thr=0.027 val_acc@thr=0.6960
[subset_top_35pct] Epoch 19/30 | lr=5.00e-05 | train_loss=0.0480 train_acc=0.9834 | val_loss=1.8913 val_acc@0.5=0.7061 | val_auc=0.7506 best_thr=0.088 val_acc@thr=0.7024
[subset_top_35pct] Epoch 20/30 | lr=5.00e-05 | train_loss=0.0430 train_acc=0.9843 | val_loss=1.9732 val_acc@0.5=0.7043 | val_auc=0.7502 best_thr=0.059 val_acc@thr=0.6961
[subset_top_35pct] Epoch 21/30 | lr=5.00e-05 | train_loss=0.0406 train_acc=0.9847 | val_loss=1.8929 val_acc@0.5=0.7023 | val_auc=0.7499 best_thr=0.239 val_acc@thr=0.7023
[subset_top_35pct] Epoch 22/30 | lr=5.00e-05 | train_loss=0.0397 train_acc=0.9856 | val_loss=1.9995 val_acc@0.5=0.7094 | val_auc=0.7520 best_thr=0.126 val_acc@thr=0.7024
[subset_top_35pct] Epoch 23/30 | lr=5.00e-05 | train_loss=0.0355 train_acc=0.9869 | val_loss=1.8530 val_acc@0.5=0.7100 | val_auc=0.7542 best_thr=0.237 val_acc@thr=0.7072
[subset_top_35pct] Epoch 24/30 | lr=5.00e-05 | train_loss=0.0340 train_acc=0.9876 | val_loss=2.1663 val_acc@0.5=0.7092 | val_auc=0.7526 best_thr=0.195 val_acc@thr=0.7086
[subset_top_35pct] Epoch 25/30 | lr=5.00e-05 | train_loss=0.0362 train_acc=0.9865 | val_loss=2.2277 val_acc@0.5=0.7070 | val_auc=0.7525 best_thr=0.036 val_acc@thr=0.6995
[subset_top_35pct] Epoch 26/30 | lr=2.50e-05 | train_loss=0.0328 train_acc=0.9876 | val_loss=2.1004 val_acc@0.5=0.7102 | val_auc=0.7527 best_thr=0.015 val_acc@thr=0.6935
[subset_top_35pct] Epoch 27/30 | lr=2.50e-05 | train_loss=0.0304 train_acc=0.9888 | val_loss=2.0882 val_acc@0.5=0.7114 | val_auc=0.7542 best_thr=0.041 val_acc@thr=0.7008
[subset_top_35pct] Epoch 28/30 | lr=2.50e-05 | train_loss=0.0287 train_acc=0.9896 | val_loss=2.0638 val_acc@0.5=0.7115 | val_auc=0.7543 best_thr=0.038 val_acc@thr=0.6994
[subset_top_35pct] Epoch 29/30 | lr=2.50e-05 | train_loss=0.0271 train_acc=0.9903 | val_loss=2.1842 val_acc@0.5=0.7112 | val_auc=0.7543 best_thr=0.078 val_acc@thr=0.7075
[subset_top_35pct] Epoch 30/30 | lr=2.50e-05 | train_loss=0.0248 train_acc=0.9911 | val_loss=2.1950 val_acc@0.5=0.7097 | val_auc=0.7543 best_thr=0.039 val_acc@thr=0.7038
Loaded pretrained weights from: /scratch/st-rohling-1/2025_capstone/xray_runs/run_001/.torch_cache/hub/checkpoints/densenet121-a639ec97.pth
[subset_bottom_35pct] Epoch 1/30 | lr=1.00e-03 | train_loss=0.6364 train_acc=0.6374 | val_loss=0.8806 val_acc@0.5=0.3564 | val_auc=0.3187 best_thr=inf val_acc@thr=0.5809
[subset_bottom_35pct] Epoch 2/30 | lr=1.00e-03 | train_loss=0.6206 train_acc=0.6585 | val_loss=0.9460 val_acc@0.5=0.3433 | val_auc=0.3139 best_thr=0.933 val_acc@thr=0.5809
[subset_bottom_35pct] Epoch 3/30 | lr=1.00e-03 | train_loss=0.6206 train_acc=0.6584 | val_loss=0.9567 val_acc@0.5=0.3432 | val_auc=0.3157 best_thr=0.935 val_acc@thr=0.5810
[subset_bottom_35pct] Epoch 4/30 | lr=5.00e-04 | train_loss=0.6189 train_acc=0.6605 | val_loss=1.0096 val_acc@0.5=0.3477 | val_auc=0.3152 best_thr=inf val_acc@thr=0.5809
[subset_bottom_35pct] Epoch 5/30 | lr=5.00e-04 | train_loss=0.6129 train_acc=0.6639 | val_loss=1.0035 val_acc@0.5=0.3465 | val_auc=0.3143 best_thr=inf val_acc@thr=0.5809
[subset_bottom_35pct] Unfreezing denseblock4 + norm5 at epoch 6
[subset_bottom_35pct] Epoch 6/30 | lr=1.00e-04 | train_loss=0.5877 train_acc=0.6861 | val_loss=1.4006 val_acc@0.5=0.3254 | val_auc=0.2832 best_thr=0.995 val_acc@thr=0.5809
[subset_bottom_35pct] Early stopping: val_auc did not improve for 5 epochs.
Loaded pretrained weights from: /scratch/st-rohling-1/2025_capstone/xray_runs/run_001/.torch_cache/hub/checkpoints/densenet121-a639ec97.pth
[subset_top_30pct] Epoch 1/30 | lr=1.00e-03 | train_loss=0.3735 train_acc=0.8375 | val_loss=0.7223 val_acc@0.5=0.6496 | val_auc=0.6979 best_thr=0.228 val_acc@thr=0.6572
[subset_top_30pct] Epoch 2/30 | lr=1.00e-03 | train_loss=0.2954 train_acc=0.8783 | val_loss=0.7448 val_acc@0.5=0.6618 | val_auc=0.7006 best_thr=0.300 val_acc@thr=0.6668
[subset_top_30pct] Epoch 3/30 | lr=1.00e-03 | train_loss=0.2870 train_acc=0.8807 | val_loss=0.7422 val_acc@0.5=0.6671 | val_auc=0.7024 best_thr=0.366 val_acc@thr=0.6697
[subset_top_30pct] Epoch 4/30 | lr=1.00e-03 | train_loss=0.2871 train_acc=0.8810 | val_loss=0.7326 val_acc@0.5=0.6686 | val_auc=0.7028 best_thr=0.362 val_acc@thr=0.6574
[subset_top_30pct] Epoch 5/30 | lr=1.00e-03 | train_loss=0.2881 train_acc=0.8807 | val_loss=0.7600 val_acc@0.5=0.6655 | val_auc=0.7034 best_thr=0.306 val_acc@thr=0.6646
[subset_top_30pct] Unfreezing denseblock4 + norm5 at epoch 6
[subset_top_30pct] Epoch 6/30 | lr=1.00e-04 | train_loss=0.1811 train_acc=0.9340 | val_loss=1.1148 val_acc@0.5=0.6860 | val_auc=0.7334 best_thr=0.106 val_acc@thr=0.6826
[subset_top_30pct] Epoch 7/30 | lr=1.00e-04 | train_loss=0.1331 train_acc=0.9530 | val_loss=1.2612 val_acc@0.5=0.6921 | val_auc=0.7354 best_thr=0.148 val_acc@thr=0.6861
[subset_top_30pct] Epoch 8/30 | lr=1.00e-04 | train_loss=0.1141 train_acc=0.9592 | val_loss=1.2698 val_acc@0.5=0.6954 | val_auc=0.7404 best_thr=0.294 val_acc@thr=0.6951
[subset_top_30pct] Epoch 9/30 | lr=1.00e-04 | train_loss=0.1005 train_acc=0.9645 | val_loss=1.2487 val_acc@0.5=0.6967 | val_auc=0.7418 best_thr=0.398 val_acc@thr=0.6954
[subset_top_30pct] Epoch 10/30 | lr=1.00e-04 | train_loss=0.0895 train_acc=0.9661 | val_loss=1.4026 val_acc@0.5=0.6964 | val_auc=0.7403 best_thr=0.186 val_acc@thr=0.6894
[subset_top_30pct] Epoch 11/30 | lr=1.00e-04 | train_loss=0.0806 train_acc=0.9712 | val_loss=1.4032 val_acc@0.5=0.7017 | val_auc=0.7454 best_thr=0.160 val_acc@thr=0.6982
[subset_top_30pct] Epoch 12/30 | lr=1.00e-04 | train_loss=0.0754 train_acc=0.9725 | val_loss=1.5773 val_acc@0.5=0.6986 | val_auc=0.7453 best_thr=0.145 val_acc@thr=0.6953
[subset_top_30pct] Epoch 13/30 | lr=1.00e-04 | train_loss=0.0723 train_acc=0.9735 | val_loss=1.4255 val_acc@0.5=0.7009 | val_auc=0.7482 best_thr=0.121 val_acc@thr=0.6929
[subset_top_30pct] Epoch 14/30 | lr=1.00e-04 | train_loss=0.0671 train_acc=0.9755 | val_loss=1.6752 val_acc@0.5=0.6991 | val_auc=0.7474 best_thr=0.158 val_acc@thr=0.6924
[subset_top_30pct] Epoch 15/30 | lr=1.00e-04 | train_loss=0.0668 train_acc=0.9758 | val_loss=1.7047 val_acc@0.5=0.7023 | val_auc=0.7473 best_thr=0.042 val_acc@thr=0.6930
[subset_top_30pct] Epoch 16/30 | lr=1.00e-04 | train_loss=0.0598 train_acc=0.9784 | val_loss=1.7725 val_acc@0.5=0.7034 | val_auc=0.7484 best_thr=0.097 val_acc@thr=0.7004
[subset_top_30pct] Epoch 17/30 | lr=1.00e-04 | train_loss=0.0510 train_acc=0.9811 | val_loss=1.6206 val_acc@0.5=0.7028 | val_auc=0.7484 best_thr=0.458 val_acc@thr=0.7027
[subset_top_30pct] Epoch 18/30 | lr=1.00e-04 | train_loss=0.0492 train_acc=0.9827 | val_loss=1.7485 val_acc@0.5=0.7038 | val_auc=0.7498 best_thr=0.469 val_acc@thr=0.7034
[subset_top_30pct] Epoch 19/30 | lr=1.00e-04 | train_loss=0.0433 train_acc=0.9837 | val_loss=2.0068 val_acc@0.5=0.7028 | val_auc=0.7470 best_thr=0.099 val_acc@thr=0.7005
[subset_top_30pct] Epoch 20/30 | lr=1.00e-04 | train_loss=0.0462 train_acc=0.9826 | val_loss=2.0378 val_acc@0.5=0.7042 | val_auc=0.7473 best_thr=0.057 val_acc@thr=0.6980
[subset_top_30pct] Epoch 21/30 | lr=1.00e-04 | train_loss=0.0444 train_acc=0.9845 | val_loss=1.7903 val_acc@0.5=0.7071 | val_auc=0.7501 best_thr=0.224 val_acc@thr=0.7035
[subset_top_30pct] Epoch 22/30 | lr=1.00e-04 | train_loss=0.0412 train_acc=0.9843 | val_loss=1.9921 val_acc@0.5=0.7077 | val_auc=0.7496 best_thr=0.039 val_acc@thr=0.6974
[subset_top_30pct] Epoch 23/30 | lr=1.00e-04 | train_loss=0.0408 train_acc=0.9854 | val_loss=1.8492 val_acc@0.5=0.7097 | val_auc=0.7504 best_thr=0.066 val_acc@thr=0.6975
[subset_top_30pct] Epoch 24/30 | lr=1.00e-04 | train_loss=0.0392 train_acc=0.9857 | val_loss=2.1444 val_acc@0.5=0.7032 | val_auc=0.7469 best_thr=0.058 val_acc@thr=0.6973
[subset_top_30pct] Epoch 25/30 | lr=1.00e-04 | train_loss=0.0381 train_acc=0.9862 | val_loss=2.0004 val_acc@0.5=0.7057 | val_auc=0.7513 best_thr=0.041 val_acc@thr=0.7039
[subset_top_30pct] Epoch 26/30 | lr=1.00e-04 | train_loss=0.0347 train_acc=0.9889 | val_loss=1.9894 val_acc@0.5=0.7061 | val_auc=0.7504 best_thr=0.030 val_acc@thr=0.6998
[subset_top_30pct] Epoch 27/30 | lr=1.00e-04 | train_loss=0.0329 train_acc=0.9884 | val_loss=2.0897 val_acc@0.5=0.7069 | val_auc=0.7501 best_thr=0.015 val_acc@thr=0.6986
[subset_top_30pct] Epoch 28/30 | lr=5.00e-05 | train_loss=0.0334 train_acc=0.9876 | val_loss=2.1852 val_acc@0.5=0.7075 | val_auc=0.7507 best_thr=0.026 val_acc@thr=0.6987
[subset_top_30pct] Epoch 29/30 | lr=5.00e-05 | train_loss=0.0252 train_acc=0.9903 | val_loss=2.2066 val_acc@0.5=0.7065 | val_auc=0.7521 best_thr=0.020 val_acc@thr=0.6982
[subset_top_30pct] Epoch 30/30 | lr=5.00e-05 | train_loss=0.0215 train_acc=0.9919 | val_loss=2.2361 val_acc@0.5=0.7106 | val_auc=0.7527 best_thr=0.029 val_acc@thr=0.7031
Loaded pretrained weights from: /scratch/st-rohling-1/2025_capstone/xray_runs/run_001/.torch_cache/hub/checkpoints/densenet121-a639ec97.pth
[subset_bottom_30pct] Epoch 1/30 | lr=1.00e-03 | train_loss=0.5995 train_acc=0.6805 | val_loss=1.0275 val_acc@0.5=0.3420 | val_auc=0.3207 best_thr=inf val_acc@thr=0.5809
[subset_bottom_30pct] Epoch 2/30 | lr=1.00e-03 | train_loss=0.5825 train_acc=0.6960 | val_loss=0.9871 val_acc@0.5=0.3423 | val_auc=0.3150 best_thr=inf val_acc@thr=0.5809
[subset_bottom_30pct] Epoch 3/30 | lr=1.00e-03 | train_loss=0.5746 train_acc=0.7057 | val_loss=1.0079 val_acc@0.5=0.3427 | val_auc=0.3129 best_thr=inf val_acc@thr=0.5809
[subset_bottom_30pct] Epoch 4/30 | lr=5.00e-04 | train_loss=0.5778 train_acc=0.7002 | val_loss=1.0294 val_acc@0.5=0.3393 | val_auc=0.3124 best_thr=inf val_acc@thr=0.5809
[subset_bottom_30pct] Epoch 5/30 | lr=5.00e-04 | train_loss=0.5737 train_acc=0.7043 | val_loss=1.0036 val_acc@0.5=0.3407 | val_auc=0.3133 best_thr=inf val_acc@thr=0.5809
[subset_bottom_30pct] Unfreezing denseblock4 + norm5 at epoch 6
[subset_bottom_30pct] Epoch 6/30 | lr=1.00e-04 | train_loss=0.5347 train_acc=0.7323 | val_loss=1.6038 val_acc@0.5=0.3189 | val_auc=0.2805 best_thr=inf val_acc@thr=0.5809
[subset_bottom_30pct] Early stopping: val_auc did not improve for 5 epochs.
Loaded pretrained weights from: /scratch/st-rohling-1/2025_capstone/xray_runs/run_001/.torch_cache/hub/checkpoints/densenet121-a639ec97.pth
[subset_top_25pct] Epoch 1/30 | lr=1.00e-03 | train_loss=0.4050 train_acc=0.8199 | val_loss=0.7313 val_acc@0.5=0.6325 | val_auc=0.6989 best_thr=0.214 val_acc@thr=0.6608
[subset_top_25pct] Epoch 2/30 | lr=1.00e-03 | train_loss=0.2994 train_acc=0.8762 | val_loss=0.7041 val_acc@0.5=0.6608 | val_auc=0.7016 best_thr=0.298 val_acc@thr=0.6608
[subset_top_25pct] Epoch 3/30 | lr=1.00e-03 | train_loss=0.2831 train_acc=0.8829 | val_loss=0.7396 val_acc@0.5=0.6626 | val_auc=0.7031 best_thr=0.304 val_acc@thr=0.6698
[subset_top_25pct] Epoch 4/30 | lr=1.00e-03 | train_loss=0.2773 train_acc=0.8862 | val_loss=0.8045 val_acc@0.5=0.6523 | val_auc=0.7036 best_thr=0.211 val_acc@thr=0.6677
[subset_top_25pct] Epoch 5/30 | lr=1.00e-03 | train_loss=0.2765 train_acc=0.8858 | val_loss=0.7266 val_acc@0.5=0.6686 | val_auc=0.7043 best_thr=0.391 val_acc@thr=0.6666
[subset_top_25pct] Unfreezing denseblock4 + norm5 at epoch 6
[subset_top_25pct] Epoch 6/30 | lr=1.00e-04 | train_loss=0.1786 train_acc=0.9339 | val_loss=1.0532 val_acc@0.5=0.6899 | val_auc=0.7323 best_thr=0.139 val_acc@thr=0.6790
[subset_top_25pct] Epoch 7/30 | lr=1.00e-04 | train_loss=0.1294 train_acc=0.9545 | val_loss=1.1460 val_acc@0.5=0.6909 | val_auc=0.7370 best_thr=0.207 val_acc@thr=0.6877
[subset_top_25pct] Epoch 8/30 | lr=1.00e-04 | train_loss=0.1116 train_acc=0.9593 | val_loss=1.3809 val_acc@0.5=0.6926 | val_auc=0.7377 best_thr=0.037 val_acc@thr=0.6795
[subset_top_25pct] Epoch 9/30 | lr=1.00e-04 | train_loss=0.1013 train_acc=0.9651 | val_loss=1.2831 val_acc@0.5=0.6966 | val_auc=0.7411 best_thr=0.166 val_acc@thr=0.6861
[subset_top_25pct] Epoch 10/30 | lr=1.00e-04 | train_loss=0.0890 train_acc=0.9679 | val_loss=1.2502 val_acc@0.5=0.6954 | val_auc=0.7416 best_thr=0.227 val_acc@thr=0.6864
[subset_top_25pct] Epoch 11/30 | lr=1.00e-04 | train_loss=0.0863 train_acc=0.9685 | val_loss=1.4252 val_acc@0.5=0.6949 | val_auc=0.7428 best_thr=0.179 val_acc@thr=0.6928
[subset_top_25pct] Epoch 12/30 | lr=1.00e-04 | train_loss=0.0772 train_acc=0.9722 | val_loss=1.4214 val_acc@0.5=0.6990 | val_auc=0.7444 best_thr=0.061 val_acc@thr=0.6892
[subset_top_25pct] Epoch 13/30 | lr=1.00e-04 | train_loss=0.0656 train_acc=0.9756 | val_loss=1.5549 val_acc@0.5=0.7001 | val_auc=0.7472 best_thr=0.085 val_acc@thr=0.6930
[subset_top_25pct] Epoch 14/30 | lr=1.00e-04 | train_loss=0.0670 train_acc=0.9766 | val_loss=1.5765 val_acc@0.5=0.7017 | val_auc=0.7456 best_thr=0.075 val_acc@thr=0.6883
[subset_top_25pct] Epoch 15/30 | lr=1.00e-04 | train_loss=0.0583 train_acc=0.9782 | val_loss=1.6029 val_acc@0.5=0.7016 | val_auc=0.7447 best_thr=0.168 val_acc@thr=0.6989
[subset_top_25pct] Epoch 16/30 | lr=5.00e-05 | train_loss=0.0553 train_acc=0.9807 | val_loss=1.5309 val_acc@0.5=0.7021 | val_auc=0.7466 best_thr=0.140 val_acc@thr=0.6926
[subset_top_25pct] Epoch 17/30 | lr=5.00e-05 | train_loss=0.0493 train_acc=0.9830 | val_loss=1.6251 val_acc@0.5=0.7011 | val_auc=0.7493 best_thr=0.262 val_acc@thr=0.7032
[subset_top_25pct] Epoch 18/30 | lr=5.00e-05 | train_loss=0.0462 train_acc=0.9822 | val_loss=1.7774 val_acc@0.5=0.7037 | val_auc=0.7483 best_thr=0.062 val_acc@thr=0.6958
[subset_top_25pct] Epoch 19/30 | lr=5.00e-05 | train_loss=0.0433 train_acc=0.9847 | val_loss=1.6504 val_acc@0.5=0.7030 | val_auc=0.7492 best_thr=0.169 val_acc@thr=0.6998
[subset_top_25pct] Epoch 20/30 | lr=2.50e-05 | train_loss=0.0420 train_acc=0.9835 | val_loss=1.9106 val_acc@0.5=0.7034 | val_auc=0.7485 best_thr=0.033 val_acc@thr=0.6911
[subset_top_25pct] Epoch 21/30 | lr=2.50e-05 | train_loss=0.0374 train_acc=0.9861 | val_loss=1.7562 val_acc@0.5=0.7045 | val_auc=0.7504 best_thr=0.100 val_acc@thr=0.6908
[subset_top_25pct] Epoch 22/30 | lr=2.50e-05 | train_loss=0.0331 train_acc=0.9880 | val_loss=1.8313 val_acc@0.5=0.7037 | val_auc=0.7502 best_thr=0.091 val_acc@thr=0.7018
[subset_top_25pct] Epoch 23/30 | lr=2.50e-05 | train_loss=0.0354 train_acc=0.9880 | val_loss=1.7440 val_acc@0.5=0.7057 | val_auc=0.7507 best_thr=0.192 val_acc@thr=0.7035
[subset_top_25pct] Epoch 24/30 | lr=2.50e-05 | train_loss=0.0338 train_acc=0.9871 | val_loss=1.7525 val_acc@0.5=0.7055 | val_auc=0.7518 best_thr=0.255 val_acc@thr=0.7021
[subset_top_25pct] Epoch 25/30 | lr=2.50e-05 | train_loss=0.0327 train_acc=0.9881 | val_loss=1.7942 val_acc@0.5=0.7082 | val_auc=0.7516 best_thr=0.100 val_acc@thr=0.7001
[subset_top_25pct] Epoch 26/30 | lr=2.50e-05 | train_loss=0.0337 train_acc=0.9878 | val_loss=1.7723 val_acc@0.5=0.7092 | val_auc=0.7522 best_thr=0.077 val_acc@thr=0.6973
[subset_top_25pct] Epoch 27/30 | lr=2.50e-05 | train_loss=0.0330 train_acc=0.9875 | val_loss=1.6165 val_acc@0.5=0.7071 | val_auc=0.7526 best_thr=0.537 val_acc@thr=0.7090
[subset_top_25pct] Epoch 28/30 | lr=2.50e-05 | train_loss=0.0305 train_acc=0.9884 | val_loss=1.8856 val_acc@0.5=0.7087 | val_auc=0.7525 best_thr=0.057 val_acc@thr=0.7004
[subset_top_25pct] Epoch 29/30 | lr=2.50e-05 | train_loss=0.0290 train_acc=0.9895 | val_loss=1.7891 val_acc@0.5=0.7077 | val_auc=0.7524 best_thr=0.240 val_acc@thr=0.7055
[subset_top_25pct] Epoch 30/30 | lr=1.25e-05 | train_loss=0.0287 train_acc=0.9900 | val_loss=1.9099 val_acc@0.5=0.7065 | val_auc=0.7520 best_thr=0.069 val_acc@thr=0.7012
Loaded pretrained weights from: /scratch/st-rohling-1/2025_capstone/xray_runs/run_001/.torch_cache/hub/checkpoints/densenet121-a639ec97.pth
[subset_bottom_25pct] Epoch 1/30 | lr=1.00e-03 | train_loss=0.5664 train_acc=0.7040 | val_loss=1.0853 val_acc@0.5=0.3444 | val_auc=0.3233 best_thr=inf val_acc@thr=0.5809
[subset_bottom_25pct] Epoch 2/30 | lr=1.00e-03 | train_loss=0.5371 train_acc=0.7342 | val_loss=1.1173 val_acc@0.5=0.3407 | val_auc=0.3177 best_thr=0.981 val_acc@thr=0.5809
[subset_bottom_25pct] Epoch 3/30 | lr=1.00e-03 | train_loss=0.5281 train_acc=0.7427 | val_loss=1.1396 val_acc@0.5=0.3404 | val_auc=0.3168 best_thr=inf val_acc@thr=0.5809
[subset_bottom_25pct] Epoch 4/30 | lr=5.00e-04 | train_loss=0.5334 train_acc=0.7380 | val_loss=1.1000 val_acc@0.5=0.3381 | val_auc=0.3120 best_thr=0.975 val_acc@thr=0.5809
[subset_bottom_25pct] Epoch 5/30 | lr=5.00e-04 | train_loss=0.5278 train_acc=0.7415 | val_loss=1.1486 val_acc@0.5=0.3407 | val_auc=0.3124 best_thr=inf val_acc@thr=0.5809
[subset_bottom_25pct] Unfreezing denseblock4 + norm5 at epoch 6
[subset_bottom_25pct] Epoch 6/30 | lr=1.00e-04 | train_loss=0.4776 train_acc=0.7782 | val_loss=1.8330 val_acc@0.5=0.3190 | val_auc=0.2812 best_thr=0.999 val_acc@thr=0.5809
[subset_bottom_25pct] Early stopping: val_auc did not improve for 5 epochs.
Loaded pretrained weights from: /scratch/st-rohling-1/2025_capstone/xray_runs/run_001/.torch_cache/hub/checkpoints/densenet121-a639ec97.pth
[subset_top_20pct] Epoch 1/30 | lr=1.00e-03 | train_loss=0.3745 train_acc=0.8360 | val_loss=0.6485 val_acc@0.5=0.6572 | val_auc=0.6956 best_thr=0.328 val_acc@thr=0.6500
[subset_top_20pct] Epoch 2/30 | lr=1.00e-03 | train_loss=0.2845 train_acc=0.8834 | val_loss=0.7040 val_acc@0.5=0.6549 | val_auc=0.6992 best_thr=0.316 val_acc@thr=0.6647
[subset_top_20pct] Epoch 3/30 | lr=1.00e-03 | train_loss=0.2730 train_acc=0.8867 | val_loss=0.7455 val_acc@0.5=0.6533 | val_auc=0.7009 best_thr=0.272 val_acc@thr=0.6649
[subset_top_20pct] Epoch 4/30 | lr=1.00e-03 | train_loss=0.2731 train_acc=0.8903 | val_loss=0.7212 val_acc@0.5=0.6612 | val_auc=0.7022 best_thr=0.326 val_acc@thr=0.6645
[subset_top_20pct] Epoch 5/30 | lr=1.00e-03 | train_loss=0.2593 train_acc=0.8922 | val_loss=0.7649 val_acc@0.5=0.6544 | val_auc=0.7029 best_thr=0.258 val_acc@thr=0.6641
[subset_top_20pct] Unfreezing denseblock4 + norm5 at epoch 6
[subset_top_20pct] Epoch 6/30 | lr=1.00e-04 | train_loss=0.1774 train_acc=0.9361 | val_loss=1.1167 val_acc@0.5=0.6822 | val_auc=0.7289 best_thr=0.110 val_acc@thr=0.6832
[subset_top_20pct] Epoch 7/30 | lr=1.00e-04 | train_loss=0.1274 train_acc=0.9525 | val_loss=1.0984 val_acc@0.5=0.6904 | val_auc=0.7335 best_thr=0.136 val_acc@thr=0.6832
[subset_top_20pct] Epoch 8/30 | lr=1.00e-04 | train_loss=0.1148 train_acc=0.9583 | val_loss=1.1718 val_acc@0.5=0.6882 | val_auc=0.7358 best_thr=0.109 val_acc@thr=0.6805
[subset_top_20pct] Epoch 9/30 | lr=1.00e-04 | train_loss=0.0960 train_acc=0.9644 | val_loss=1.2437 val_acc@0.5=0.6915 | val_auc=0.7384 best_thr=0.076 val_acc@thr=0.6825
[subset_top_20pct] Epoch 10/30 | lr=1.00e-04 | train_loss=0.0915 train_acc=0.9675 | val_loss=1.3990 val_acc@0.5=0.6941 | val_auc=0.7395 best_thr=0.089 val_acc@thr=0.6860
[subset_top_20pct] Epoch 11/30 | lr=1.00e-04 | train_loss=0.0833 train_acc=0.9684 | val_loss=1.1978 val_acc@0.5=0.6954 | val_auc=0.7399 best_thr=0.171 val_acc@thr=0.6905
[subset_top_20pct] Epoch 12/30 | lr=1.00e-04 | train_loss=0.0807 train_acc=0.9701 | val_loss=1.3711 val_acc@0.5=0.6985 | val_auc=0.7441 best_thr=0.111 val_acc@thr=0.6931
[subset_top_20pct] Epoch 13/30 | lr=1.00e-04 | train_loss=0.0711 train_acc=0.9728 | val_loss=1.3545 val_acc@0.5=0.6997 | val_auc=0.7467 best_thr=0.219 val_acc@thr=0.6986
[subset_top_20pct] Epoch 14/30 | lr=1.00e-04 | train_loss=0.0616 train_acc=0.9771 | val_loss=1.3231 val_acc@0.5=0.6971 | val_auc=0.7424 best_thr=0.356 val_acc@thr=0.6933
[subset_top_20pct] Epoch 15/30 | lr=1.00e-04 | train_loss=0.0602 train_acc=0.9775 | val_loss=1.5755 val_acc@0.5=0.7028 | val_auc=0.7461 best_thr=0.104 val_acc@thr=0.6935
[subset_top_20pct] Epoch 16/30 | lr=5.00e-05 | train_loss=0.0503 train_acc=0.9805 | val_loss=1.6146 val_acc@0.5=0.6975 | val_auc=0.7441 best_thr=0.096 val_acc@thr=0.6924
[subset_top_20pct] Epoch 17/30 | lr=5.00e-05 | train_loss=0.0473 train_acc=0.9814 | val_loss=1.5110 val_acc@0.5=0.7033 | val_auc=0.7483 best_thr=0.094 val_acc@thr=0.6920
[subset_top_20pct] Epoch 18/30 | lr=5.00e-05 | train_loss=0.0448 train_acc=0.9835 | val_loss=1.4959 val_acc@0.5=0.7027 | val_auc=0.7478 best_thr=0.086 val_acc@thr=0.6934
[subset_top_20pct] Epoch 19/30 | lr=5.00e-05 | train_loss=0.0379 train_acc=0.9864 | val_loss=1.6631 val_acc@0.5=0.7055 | val_auc=0.7484 best_thr=0.079 val_acc@thr=0.6979
[subset_top_20pct] Epoch 20/30 | lr=5.00e-05 | train_loss=0.0388 train_acc=0.9858 | val_loss=1.5009 val_acc@0.5=0.7040 | val_auc=0.7487 best_thr=0.055 val_acc@thr=0.6879
[subset_top_20pct] Epoch 21/30 | lr=5.00e-05 | train_loss=0.0357 train_acc=0.9865 | val_loss=1.6008 val_acc@0.5=0.7063 | val_auc=0.7491 best_thr=0.095 val_acc@thr=0.6965
[subset_top_20pct] Epoch 22/30 | lr=5.00e-05 | train_loss=0.0353 train_acc=0.9867 | val_loss=1.7759 val_acc@0.5=0.7079 | val_auc=0.7497 best_thr=0.030 val_acc@thr=0.6919
[subset_top_20pct] Epoch 23/30 | lr=5.00e-05 | train_loss=0.0329 train_acc=0.9875 | val_loss=1.6020 val_acc@0.5=0.7021 | val_auc=0.7479 best_thr=0.262 val_acc@thr=0.6985
[subset_top_20pct] Epoch 24/30 | lr=5.00e-05 | train_loss=0.0318 train_acc=0.9888 | val_loss=1.7543 val_acc@0.5=0.7075 | val_auc=0.7485 best_thr=0.047 val_acc@thr=0.6954
[subset_top_20pct] Epoch 25/30 | lr=2.50e-05 | train_loss=0.0302 train_acc=0.9893 | val_loss=1.7873 val_acc@0.5=0.7031 | val_auc=0.7475 best_thr=0.211 val_acc@thr=0.6994
[subset_top_20pct] Epoch 26/30 | lr=2.50e-05 | train_loss=0.0299 train_acc=0.9889 | val_loss=1.8754 val_acc@0.5=0.7070 | val_auc=0.7481 best_thr=0.028 val_acc@thr=0.6950
[subset_top_20pct] Epoch 27/30 | lr=2.50e-05 | train_loss=0.0247 train_acc=0.9918 | val_loss=1.9035 val_acc@0.5=0.7057 | val_auc=0.7485 best_thr=0.047 val_acc@thr=0.7020
[subset_top_20pct] Early stopping: val_auc did not improve for 5 epochs.
Loaded pretrained weights from: /scratch/st-rohling-1/2025_capstone/xray_runs/run_001/.torch_cache/hub/checkpoints/densenet121-a639ec97.pth
[subset_bottom_20pct] Epoch 1/30 | lr=1.00e-03 | train_loss=0.5407 train_acc=0.7280 | val_loss=1.1692 val_acc@0.5=0.3561 | val_auc=0.3276 best_thr=inf val_acc@thr=0.5809
[subset_bottom_20pct] Epoch 2/30 | lr=1.00e-03 | train_loss=0.4989 train_acc=0.7640 | val_loss=1.1493 val_acc@0.5=0.3391 | val_auc=0.3145 best_thr=inf val_acc@thr=0.5809
[subset_bottom_20pct] Epoch 3/30 | lr=1.00e-03 | train_loss=0.4875 train_acc=0.7711 | val_loss=1.1392 val_acc@0.5=0.3475 | val_auc=0.3125 best_thr=inf val_acc@thr=0.5809
[subset_bottom_20pct] Epoch 4/30 | lr=5.00e-04 | train_loss=0.4845 train_acc=0.7711 | val_loss=1.1804 val_acc@0.5=0.3392 | val_auc=0.3127 best_thr=inf val_acc@thr=0.5809
[subset_bottom_20pct] Epoch 5/30 | lr=5.00e-04 | train_loss=0.4764 train_acc=0.7798 | val_loss=1.1918 val_acc@0.5=0.3384 | val_auc=0.3115 best_thr=0.987 val_acc@thr=0.5809
[subset_bottom_20pct] Unfreezing denseblock4 + norm5 at epoch 6
[subset_bottom_20pct] Epoch 6/30 | lr=1.00e-04 | train_loss=0.4231 train_acc=0.8157 | val_loss=2.1729 val_acc@0.5=0.3173 | val_auc=0.2803 best_thr=0.001 val_acc@thr=0.4192
[subset_bottom_20pct] Early stopping: val_auc did not improve for 5 epochs.
Loaded pretrained weights from: /scratch/st-rohling-1/2025_capstone/xray_runs/run_001/.torch_cache/hub/checkpoints/densenet121-a639ec97.pth
[subset_top_15pct] Epoch 1/30 | lr=1.00e-03 | train_loss=0.3796 train_acc=0.8419 | val_loss=0.6848 val_acc@0.5=0.6221 | val_auc=0.6904 best_thr=0.249 val_acc@thr=0.6462
[subset_top_15pct] Epoch 2/30 | lr=1.00e-03 | train_loss=0.2809 train_acc=0.8810 | val_loss=0.7170 val_acc@0.5=0.6416 | val_auc=0.6980 best_thr=0.228 val_acc@thr=0.6542
[subset_top_15pct] Epoch 3/30 | lr=1.00e-03 | train_loss=0.2581 train_acc=0.8935 | val_loss=0.6965 val_acc@0.5=0.6565 | val_auc=0.7003 best_thr=0.278 val_acc@thr=0.6572
[subset_top_15pct] Epoch 4/30 | lr=1.00e-03 | train_loss=0.2504 train_acc=0.8984 | val_loss=0.7033 val_acc@0.5=0.6588 | val_auc=0.6989 best_thr=0.256 val_acc@thr=0.6490
[subset_top_15pct] Epoch 5/30 | lr=1.00e-03 | train_loss=0.2545 train_acc=0.8936 | val_loss=0.7660 val_acc@0.5=0.6477 | val_auc=0.6996 best_thr=0.179 val_acc@thr=0.6514
[subset_top_15pct] Unfreezing denseblock4 + norm5 at epoch 6
[subset_top_15pct] Epoch 6/30 | lr=1.00e-04 | train_loss=0.1761 train_acc=0.9323 | val_loss=0.9432 val_acc@0.5=0.6828 | val_auc=0.7240 best_thr=0.134 val_acc@thr=0.6750
[subset_top_15pct] Epoch 7/30 | lr=1.00e-04 | train_loss=0.1299 train_acc=0.9531 | val_loss=0.9410 val_acc@0.5=0.6860 | val_auc=0.7312 best_thr=0.241 val_acc@thr=0.6865
[subset_top_15pct] Epoch 8/30 | lr=1.00e-04 | train_loss=0.1141 train_acc=0.9569 | val_loss=1.0240 val_acc@0.5=0.6922 | val_auc=0.7342 best_thr=0.252 val_acc@thr=0.6908
[subset_top_15pct] Epoch 9/30 | lr=1.00e-04 | train_loss=0.1000 train_acc=0.9622 | val_loss=1.0291 val_acc@0.5=0.6951 | val_auc=0.7376 best_thr=0.219 val_acc@thr=0.6827
[subset_top_15pct] Epoch 10/30 | lr=1.00e-04 | train_loss=0.0895 train_acc=0.9679 | val_loss=1.1792 val_acc@0.5=0.6913 | val_auc=0.7388 best_thr=0.126 val_acc@thr=0.6832
[subset_top_15pct] Epoch 11/30 | lr=1.00e-04 | train_loss=0.0804 train_acc=0.9699 | val_loss=1.1647 val_acc@0.5=0.6926 | val_auc=0.7395 best_thr=0.107 val_acc@thr=0.6852
[subset_top_15pct] Epoch 12/30 | lr=1.00e-04 | train_loss=0.0754 train_acc=0.9720 | val_loss=1.2269 val_acc@0.5=0.6942 | val_auc=0.7387 best_thr=0.197 val_acc@thr=0.6929
[subset_top_15pct] Epoch 13/30 | lr=1.00e-04 | train_loss=0.0679 train_acc=0.9752 | val_loss=1.2528 val_acc@0.5=0.6926 | val_auc=0.7401 best_thr=0.198 val_acc@thr=0.6882
[subset_top_15pct] Epoch 14/30 | lr=1.00e-04 | train_loss=0.0586 train_acc=0.9783 | val_loss=1.2056 val_acc@0.5=0.6921 | val_auc=0.7411 best_thr=0.281 val_acc@thr=0.6935
[subset_top_15pct] Epoch 15/30 | lr=1.00e-04 | train_loss=0.0571 train_acc=0.9789 | val_loss=1.3706 val_acc@0.5=0.6989 | val_auc=0.7414 best_thr=0.134 val_acc@thr=0.6911
[subset_top_15pct] Epoch 16/30 | lr=1.00e-04 | train_loss=0.0519 train_acc=0.9804 | val_loss=1.3878 val_acc@0.5=0.6968 | val_auc=0.7421 best_thr=0.164 val_acc@thr=0.6952
[subset_top_15pct] Epoch 17/30 | lr=1.00e-04 | train_loss=0.0436 train_acc=0.9833 | val_loss=1.5248 val_acc@0.5=0.6967 | val_auc=0.7391 best_thr=0.132 val_acc@thr=0.6959
[subset_top_15pct] Epoch 18/30 | lr=1.00e-04 | train_loss=0.0431 train_acc=0.9825 | val_loss=1.8931 val_acc@0.5=0.6906 | val_auc=0.7406 best_thr=0.008 val_acc@thr=0.6916
[subset_top_15pct] Epoch 19/30 | lr=1.00e-04 | train_loss=0.0447 train_acc=0.9841 | val_loss=1.4516 val_acc@0.5=0.6978 | val_auc=0.7437 best_thr=0.340 val_acc@thr=0.6980
[subset_top_15pct] Epoch 20/30 | lr=1.00e-04 | train_loss=0.0395 train_acc=0.9843 | val_loss=1.4589 val_acc@0.5=0.6986 | val_auc=0.7440 best_thr=0.125 val_acc@thr=0.6930
[subset_top_15pct] Epoch 21/30 | lr=1.00e-04 | train_loss=0.0351 train_acc=0.9870 | val_loss=1.4846 val_acc@0.5=0.6994 | val_auc=0.7446 best_thr=0.178 val_acc@thr=0.6964
[subset_top_15pct] Epoch 22/30 | lr=1.00e-04 | train_loss=0.0356 train_acc=0.9867 | val_loss=1.5954 val_acc@0.5=0.7018 | val_auc=0.7443 best_thr=0.128 val_acc@thr=0.6971
[subset_top_15pct] Epoch 23/30 | lr=1.00e-04 | train_loss=0.0334 train_acc=0.9880 | val_loss=1.6387 val_acc@0.5=0.7006 | val_auc=0.7458 best_thr=0.181 val_acc@thr=0.7037
[subset_top_15pct] Epoch 24/30 | lr=1.00e-04 | train_loss=0.0324 train_acc=0.9884 | val_loss=1.6571 val_acc@0.5=0.7035 | val_auc=0.7452 best_thr=0.110 val_acc@thr=0.6945
[subset_top_15pct] Epoch 25/30 | lr=1.00e-04 | train_loss=0.0274 train_acc=0.9897 | val_loss=1.8059 val_acc@0.5=0.7045 | val_auc=0.7465 best_thr=0.064 val_acc@thr=0.6995
[subset_top_15pct] Epoch 26/30 | lr=1.00e-04 | train_loss=0.0267 train_acc=0.9900 | val_loss=1.7652 val_acc@0.5=0.7010 | val_auc=0.7440 best_thr=0.088 val_acc@thr=0.6941
[subset_top_15pct] Epoch 27/30 | lr=1.00e-04 | train_loss=0.0281 train_acc=0.9898 | val_loss=1.6160 val_acc@0.5=0.7016 | val_auc=0.7452 best_thr=0.268 val_acc@thr=0.6964
[subset_top_15pct] Epoch 28/30 | lr=5.00e-05 | train_loss=0.0262 train_acc=0.9916 | val_loss=1.7765 val_acc@0.5=0.7024 | val_auc=0.7461 best_thr=0.081 val_acc@thr=0.6974
[subset_top_15pct] Epoch 29/30 | lr=5.00e-05 | train_loss=0.0193 train_acc=0.9939 | val_loss=1.7940 val_acc@0.5=0.7037 | val_auc=0.7469 best_thr=0.131 val_acc@thr=0.7030
[subset_top_15pct] Epoch 30/30 | lr=5.00e-05 | train_loss=0.0180 train_acc=0.9932 | val_loss=1.8489 val_acc@0.5=0.7032 | val_auc=0.7465 best_thr=0.157 val_acc@thr=0.7060
Loaded pretrained weights from: /scratch/st-rohling-1/2025_capstone/xray_runs/run_001/.torch_cache/hub/checkpoints/densenet121-a639ec97.pth
[subset_bottom_15pct] Epoch 1/30 | lr=1.00e-03 | train_loss=0.5244 train_acc=0.7406 | val_loss=1.0939 val_acc@0.5=0.3539 | val_auc=0.3340 best_thr=0.974 val_acc@thr=0.5809
[subset_bottom_15pct] Epoch 2/30 | lr=1.00e-03 | train_loss=0.4660 train_acc=0.7883 | val_loss=1.0852 val_acc@0.5=0.3590 | val_auc=0.3192 best_thr=0.975 val_acc@thr=0.5810
[subset_bottom_15pct] Epoch 3/30 | lr=1.00e-03 | train_loss=0.4455 train_acc=0.7970 | val_loss=1.2553 val_acc@0.5=0.3390 | val_auc=0.3152 best_thr=0.992 val_acc@thr=0.5809
[subset_bottom_15pct] Epoch 4/30 | lr=5.00e-04 | train_loss=0.4410 train_acc=0.8080 | val_loss=1.3196 val_acc@0.5=0.3387 | val_auc=0.3123 best_thr=0.995 val_acc@thr=0.5810
[subset_bottom_15pct] Epoch 5/30 | lr=5.00e-04 | train_loss=0.4405 train_acc=0.8053 | val_loss=1.2369 val_acc@0.5=0.3381 | val_auc=0.3108 best_thr=0.993 val_acc@thr=0.5810
[subset_bottom_15pct] Unfreezing denseblock4 + norm5 at epoch 6
[subset_bottom_15pct] Epoch 6/30 | lr=1.00e-04 | train_loss=0.3724 train_acc=0.8465 | val_loss=2.0236 val_acc@0.5=0.3203 | val_auc=0.2854 best_thr=1.000 val_acc@thr=0.5809
[subset_bottom_15pct] Early stopping: val_auc did not improve for 5 epochs.
Loaded pretrained weights from: /scratch/st-rohling-1/2025_capstone/xray_runs/run_001/.torch_cache/hub/checkpoints/densenet121-a639ec97.pth
[subset_top_10pct] Epoch 1/30 | lr=1.00e-03 | train_loss=0.3700 train_acc=0.8512 | val_loss=0.6502 val_acc@0.5=0.6234 | val_auc=0.6731 best_thr=0.306 val_acc@thr=0.6187
[subset_top_10pct] Epoch 2/30 | lr=1.00e-03 | train_loss=0.2774 train_acc=0.8815 | val_loss=0.6662 val_acc@0.5=0.6395 | val_auc=0.6856 best_thr=0.287 val_acc@thr=0.6378
[subset_top_10pct] Epoch 3/30 | lr=1.00e-03 | train_loss=0.2553 train_acc=0.8931 | val_loss=0.7523 val_acc@0.5=0.6189 | val_auc=0.6913 best_thr=0.187 val_acc@thr=0.6453
[subset_top_10pct] Epoch 4/30 | lr=1.00e-03 | train_loss=0.2403 train_acc=0.8992 | val_loss=0.6883 val_acc@0.5=0.6467 | val_auc=0.6924 best_thr=0.251 val_acc@thr=0.6426
[subset_top_10pct] Epoch 5/30 | lr=1.00e-03 | train_loss=0.2349 train_acc=0.9019 | val_loss=0.8203 val_acc@0.5=0.6209 | val_auc=0.6939 best_thr=0.125 val_acc@thr=0.6432
[subset_top_10pct] Unfreezing denseblock4 + norm5 at epoch 6
[subset_top_10pct] Epoch 6/30 | lr=1.00e-04 | train_loss=0.1777 train_acc=0.9321 | val_loss=0.8901 val_acc@0.5=0.6750 | val_auc=0.7205 best_thr=0.169 val_acc@thr=0.6760
[subset_top_10pct] Epoch 7/30 | lr=1.00e-04 | train_loss=0.1398 train_acc=0.9477 | val_loss=0.8854 val_acc@0.5=0.6830 | val_auc=0.7263 best_thr=0.270 val_acc@thr=0.6801
[subset_top_10pct] Epoch 8/30 | lr=1.00e-04 | train_loss=0.1206 train_acc=0.9545 | val_loss=1.0280 val_acc@0.5=0.6822 | val_auc=0.7283 best_thr=0.075 val_acc@thr=0.6718
[subset_top_10pct] Epoch 9/30 | lr=1.00e-04 | train_loss=0.1038 train_acc=0.9633 | val_loss=0.9887 val_acc@0.5=0.6849 | val_auc=0.7294 best_thr=0.131 val_acc@thr=0.6757
[subset_top_10pct] Epoch 10/30 | lr=1.00e-04 | train_loss=0.0985 train_acc=0.9601 | val_loss=1.0124 val_acc@0.5=0.6891 | val_auc=0.7312 best_thr=0.175 val_acc@thr=0.6774
[subset_top_10pct] Epoch 11/30 | lr=1.00e-04 | train_loss=0.0910 train_acc=0.9640 | val_loss=1.1122 val_acc@0.5=0.6900 | val_auc=0.7324 best_thr=0.125 val_acc@thr=0.6830
[subset_top_10pct] Epoch 12/30 | lr=1.00e-04 | train_loss=0.0789 train_acc=0.9691 | val_loss=1.2109 val_acc@0.5=0.6811 | val_auc=0.7291 best_thr=0.132 val_acc@thr=0.6862
[subset_top_10pct] Epoch 13/30 | lr=1.00e-04 | train_loss=0.0728 train_acc=0.9734 | val_loss=1.1506 val_acc@0.5=0.6942 | val_auc=0.7329 best_thr=0.302 val_acc@thr=0.6911
[subset_top_10pct] Epoch 14/30 | lr=1.00e-04 | train_loss=0.0628 train_acc=0.9756 | val_loss=1.1427 val_acc@0.5=0.6933 | val_auc=0.7364 best_thr=0.301 val_acc@thr=0.6922
[subset_top_10pct] Epoch 15/30 | lr=1.00e-04 | train_loss=0.0618 train_acc=0.9773 | val_loss=1.2216 val_acc@0.5=0.6912 | val_auc=0.7347 best_thr=0.155 val_acc@thr=0.6868
[subset_top_10pct] Epoch 16/30 | lr=1.00e-04 | train_loss=0.0454 train_acc=0.9831 | val_loss=1.2396 val_acc@0.5=0.6953 | val_auc=0.7354 best_thr=0.237 val_acc@thr=0.6913
[subset_top_10pct] Epoch 17/30 | lr=5.00e-05 | train_loss=0.0477 train_acc=0.9821 | val_loss=1.3873 val_acc@0.5=0.6943 | val_auc=0.7345 best_thr=0.044 val_acc@thr=0.6824
[subset_top_10pct] Epoch 18/30 | lr=5.00e-05 | train_loss=0.0409 train_acc=0.9844 | val_loss=1.2429 val_acc@0.5=0.6949 | val_auc=0.7345 best_thr=0.229 val_acc@thr=0.6880
[subset_top_10pct] Epoch 19/30 | lr=5.00e-05 | train_loss=0.0371 train_acc=0.9864 | val_loss=1.2915 val_acc@0.5=0.6950 | val_auc=0.7347 best_thr=0.246 val_acc@thr=0.6911
[subset_top_10pct] Early stopping: val_auc did not improve for 5 epochs.
Loaded pretrained weights from: /scratch/st-rohling-1/2025_capstone/xray_runs/run_001/.torch_cache/hub/checkpoints/densenet121-a639ec97.pth
[subset_bottom_10pct] Epoch 1/30 | lr=1.00e-03 | train_loss=0.5163 train_acc=0.7512 | val_loss=1.0288 val_acc@0.5=0.3515 | val_auc=0.3269 best_thr=inf val_acc@thr=0.5809
[subset_bottom_10pct] Epoch 2/30 | lr=1.00e-03 | train_loss=0.4436 train_acc=0.8014 | val_loss=1.0958 val_acc@0.5=0.3437 | val_auc=0.3160 best_thr=inf val_acc@thr=0.5809
[subset_bottom_10pct] Epoch 3/30 | lr=1.00e-03 | train_loss=0.4193 train_acc=0.8170 | val_loss=1.2500 val_acc@0.5=0.3405 | val_auc=0.3108 best_thr=inf val_acc@thr=0.5809
[subset_bottom_10pct] Epoch 4/30 | lr=5.00e-04 | train_loss=0.4192 train_acc=0.8155 | val_loss=1.2732 val_acc@0.5=0.3370 | val_auc=0.3090 best_thr=inf val_acc@thr=0.5809
[subset_bottom_10pct] Epoch 5/30 | lr=5.00e-04 | train_loss=0.4090 train_acc=0.8222 | val_loss=1.2693 val_acc@0.5=0.3356 | val_auc=0.3076 best_thr=inf val_acc@thr=0.5809
[subset_bottom_10pct] Unfreezing denseblock4 + norm5 at epoch 6
[subset_bottom_10pct] Epoch 6/30 | lr=1.00e-04 | train_loss=0.3453 train_acc=0.8602 | val_loss=1.9118 val_acc@0.5=0.3191 | val_auc=0.2844 best_thr=inf val_acc@thr=0.5809
[subset_bottom_10pct] Early stopping: val_auc did not improve for 5 epochs.
Loaded pretrained weights from: /scratch/st-rohling-1/2025_capstone/xray_runs/run_001/.torch_cache/hub/checkpoints/densenet121-a639ec97.pth
[subset_top_5pct] Epoch 1/30 | lr=1.00e-03 | train_loss=0.4451 train_acc=0.8327 | val_loss=0.7736 val_acc@0.5=0.5809 | val_auc=0.6357 best_thr=0.202 val_acc@thr=0.6071
[subset_top_5pct] Epoch 2/30 | lr=1.00e-03 | train_loss=0.3391 train_acc=0.8541 | val_loss=0.7353 val_acc@0.5=0.5904 | val_auc=0.6624 best_thr=0.209 val_acc@thr=0.6201
[subset_top_5pct] Epoch 3/30 | lr=1.00e-03 | train_loss=0.3053 train_acc=0.8682 | val_loss=0.6776 val_acc@0.5=0.6133 | val_auc=0.6690 best_thr=0.276 val_acc@thr=0.6270
[subset_top_5pct] Epoch 4/30 | lr=1.00e-03 | train_loss=0.2799 train_acc=0.8792 | val_loss=0.7461 val_acc@0.5=0.6041 | val_auc=0.6766 best_thr=0.176 val_acc@thr=0.6261
[subset_top_5pct] Epoch 5/30 | lr=1.00e-03 | train_loss=0.2755 train_acc=0.8821 | val_loss=0.6559 val_acc@0.5=0.6409 | val_auc=0.6797 best_thr=0.308 val_acc@thr=0.6294
[subset_top_5pct] Unfreezing denseblock4 + norm5 at epoch 6
[subset_top_5pct] Epoch 6/30 | lr=1.00e-04 | train_loss=0.2319 train_acc=0.9136 | val_loss=0.7735 val_acc@0.5=0.6580 | val_auc=0.7078 best_thr=0.223 val_acc@thr=0.6672
[subset_top_5pct] Epoch 7/30 | lr=1.00e-04 | train_loss=0.1760 train_acc=0.9376 | val_loss=0.8438 val_acc@0.5=0.6570 | val_auc=0.7140 best_thr=0.147 val_acc@thr=0.6681
[subset_top_5pct] Epoch 8/30 | lr=1.00e-04 | train_loss=0.1563 train_acc=0.9437 | val_loss=0.8924 val_acc@0.5=0.6571 | val_auc=0.7163 best_thr=0.155 val_acc@thr=0.6760
[subset_top_5pct] Epoch 9/30 | lr=1.00e-04 | train_loss=0.1440 train_acc=0.9509 | val_loss=0.7906 val_acc@0.5=0.6775 | val_auc=0.7184 best_thr=0.226 val_acc@thr=0.6664
[subset_top_5pct] Epoch 10/30 | lr=1.00e-04 | train_loss=0.1271 train_acc=0.9500 | val_loss=0.8073 val_acc@0.5=0.6818 | val_auc=0.7197 best_thr=0.288 val_acc@thr=0.6760
[subset_top_5pct] Epoch 11/30 | lr=1.00e-04 | train_loss=0.1128 train_acc=0.9549 | val_loss=0.8438 val_acc@0.5=0.6815 | val_auc=0.7209 best_thr=0.377 val_acc@thr=0.6803
[subset_top_5pct] Epoch 12/30 | lr=1.00e-04 | train_loss=0.1086 train_acc=0.9613 | val_loss=0.9379 val_acc@0.5=0.6828 | val_auc=0.7215 best_thr=0.312 val_acc@thr=0.6847
[subset_top_5pct] Epoch 13/30 | lr=1.00e-04 | train_loss=0.0977 train_acc=0.9639 | val_loss=0.9174 val_acc@0.5=0.6819 | val_auc=0.7207 best_thr=0.158 val_acc@thr=0.6774
[subset_top_5pct] Epoch 14/30 | lr=1.00e-04 | train_loss=0.0950 train_acc=0.9630 | val_loss=0.9684 val_acc@0.5=0.6793 | val_auc=0.7213 best_thr=0.111 val_acc@thr=0.6729
[subset_top_5pct] Epoch 15/30 | lr=1.00e-04 | train_loss=0.0795 train_acc=0.9671 | val_loss=0.9326 val_acc@0.5=0.6804 | val_auc=0.7230 best_thr=0.195 val_acc@thr=0.6683
[subset_top_5pct] Epoch 16/30 | lr=1.00e-04 | train_loss=0.0734 train_acc=0.9708 | val_loss=0.9697 val_acc@0.5=0.6845 | val_auc=0.7246 best_thr=0.176 val_acc@thr=0.6709
[subset_top_5pct] Epoch 17/30 | lr=1.00e-04 | train_loss=0.0658 train_acc=0.9760 | val_loss=1.0934 val_acc@0.5=0.6813 | val_auc=0.7242 best_thr=0.156 val_acc@thr=0.6815
[subset_top_5pct] Epoch 18/30 | lr=1.00e-04 | train_loss=0.0612 train_acc=0.9778 | val_loss=1.0294 val_acc@0.5=0.6797 | val_auc=0.7216 best_thr=0.279 val_acc@thr=0.6765
[subset_top_5pct] Epoch 19/30 | lr=1.00e-04 | train_loss=0.0596 train_acc=0.9778 | val_loss=1.0839 val_acc@0.5=0.6819 | val_auc=0.7250 best_thr=0.224 val_acc@thr=0.6801
[subset_top_5pct] Epoch 20/30 | lr=1.00e-04 | train_loss=0.0521 train_acc=0.9806 | val_loss=1.0969 val_acc@0.5=0.6854 | val_auc=0.7280 best_thr=0.136 val_acc@thr=0.6779
[subset_top_5pct] Epoch 21/30 | lr=1.00e-04 | train_loss=0.0470 train_acc=0.9835 | val_loss=1.1106 val_acc@0.5=0.6811 | val_auc=0.7252 best_thr=0.110 val_acc@thr=0.6748
[subset_top_5pct] Epoch 22/30 | lr=1.00e-04 | train_loss=0.0498 train_acc=0.9818 | val_loss=1.1472 val_acc@0.5=0.6876 | val_auc=0.7267 best_thr=0.181 val_acc@thr=0.6787
[subset_top_5pct] Epoch 23/30 | lr=5.00e-05 | train_loss=0.0442 train_acc=0.9835 | val_loss=1.1666 val_acc@0.5=0.6832 | val_auc=0.7263 best_thr=0.073 val_acc@thr=0.6758
[subset_top_5pct] Epoch 24/30 | lr=5.00e-05 | train_loss=0.0370 train_acc=0.9867 | val_loss=1.1265 val_acc@0.5=0.6850 | val_auc=0.7260 best_thr=0.198 val_acc@thr=0.6778
[subset_top_5pct] Epoch 25/30 | lr=5.00e-05 | train_loss=0.0351 train_acc=0.9873 | val_loss=1.2116 val_acc@0.5=0.6879 | val_auc=0.7264 best_thr=0.119 val_acc@thr=0.6810
[subset_top_5pct] Early stopping: val_auc did not improve for 5 epochs.
Loaded pretrained weights from: /scratch/st-rohling-1/2025_capstone/xray_runs/run_001/.torch_cache/hub/checkpoints/densenet121-a639ec97.pth
[subset_bottom_5pct] Epoch 1/30 | lr=1.00e-03 | train_loss=0.5832 train_acc=0.7012 | val_loss=0.9243 val_acc@0.5=0.3808 | val_auc=0.3337 best_thr=inf val_acc@thr=0.5809
[subset_bottom_5pct] Epoch 2/30 | lr=1.00e-03 | train_loss=0.4908 train_acc=0.7668 | val_loss=0.9938 val_acc@0.5=0.3491 | val_auc=0.3188 best_thr=0.961 val_acc@thr=0.5810
[subset_bottom_5pct] Epoch 3/30 | lr=1.00e-03 | train_loss=0.4617 train_acc=0.7920 | val_loss=1.0783 val_acc@0.5=0.3467 | val_auc=0.3124 best_thr=0.976 val_acc@thr=0.5810
[subset_bottom_5pct] Epoch 4/30 | lr=5.00e-04 | train_loss=0.4483 train_acc=0.8044 | val_loss=1.0750 val_acc@0.5=0.3404 | val_auc=0.3110 best_thr=inf val_acc@thr=0.5809
[subset_bottom_5pct] Epoch 5/30 | lr=5.00e-04 | train_loss=0.4363 train_acc=0.8116 | val_loss=1.0804 val_acc@0.5=0.3384 | val_auc=0.3083 best_thr=inf val_acc@thr=0.5809
[subset_bottom_5pct] Unfreezing denseblock4 + norm5 at epoch 6
[subset_bottom_5pct] Epoch 6/30 | lr=1.00e-04 | train_loss=0.3743 train_acc=0.8460 | val_loss=1.5437 val_acc@0.5=0.3239 | val_auc=0.2859 best_thr=inf val_acc@thr=0.5809
[subset_bottom_5pct] Early stopping: val_auc did not improve for 5 epochs.
Loaded pretrained weights from: /scratch/st-rohling-1/2025_capstone/xray_runs/run_001/.torch_cache/hub/checkpoints/densenet121-a639ec97.pth
[subset_top_2pct] Epoch 1/30 | lr=1.00e-03 | train_loss=0.5528 train_acc=0.7587 | val_loss=0.8140 val_acc@0.5=0.5809 | val_auc=0.6083 best_thr=0.179 val_acc@thr=0.5771
[subset_top_2pct] Epoch 2/30 | lr=1.00e-03 | train_loss=0.4848 train_acc=0.7840 | val_loss=0.6687 val_acc@0.5=0.5952 | val_auc=0.6381 best_thr=0.330 val_acc@thr=0.6046
[subset_top_2pct] Epoch 3/30 | lr=1.00e-03 | train_loss=0.4348 train_acc=0.8006 | val_loss=0.6586 val_acc@0.5=0.6103 | val_auc=0.6501 best_thr=0.353 val_acc@thr=0.6206
[subset_top_2pct] Epoch 4/30 | lr=1.00e-03 | train_loss=0.4098 train_acc=0.8150 | val_loss=0.7460 val_acc@0.5=0.5906 | val_auc=0.6587 best_thr=0.224 val_acc@thr=0.6284
[subset_top_2pct] Epoch 5/30 | lr=1.00e-03 | train_loss=0.3997 train_acc=0.8143 | val_loss=0.6702 val_acc@0.5=0.6138 | val_auc=0.6631 best_thr=0.274 val_acc@thr=0.6135
[subset_top_2pct] Unfreezing denseblock4 + norm5 at epoch 6
[subset_top_2pct] Epoch 6/30 | lr=1.00e-04 | train_loss=0.3403 train_acc=0.8569 | val_loss=0.6731 val_acc@0.5=0.6444 | val_auc=0.6963 best_thr=0.263 val_acc@thr=0.6503
[subset_top_2pct] Epoch 7/30 | lr=1.00e-04 | train_loss=0.2857 train_acc=0.8829 | val_loss=0.7013 val_acc@0.5=0.6509 | val_auc=0.7044 best_thr=0.269 val_acc@thr=0.6632
[subset_top_2pct] Epoch 8/30 | lr=1.00e-04 | train_loss=0.2404 train_acc=0.9017 | val_loss=0.7147 val_acc@0.5=0.6629 | val_auc=0.7096 best_thr=0.222 val_acc@thr=0.6598
[subset_top_2pct] Epoch 9/30 | lr=1.00e-04 | train_loss=0.2378 train_acc=0.9046 | val_loss=0.7557 val_acc@0.5=0.6616 | val_auc=0.7104 best_thr=0.199 val_acc@thr=0.6650
[subset_top_2pct] Epoch 10/30 | lr=1.00e-04 | train_loss=0.2024 train_acc=0.9162 | val_loss=0.8045 val_acc@0.5=0.6573 | val_auc=0.7105 best_thr=0.206 val_acc@thr=0.6745
[subset_top_2pct] Epoch 11/30 | lr=1.00e-04 | train_loss=0.1872 train_acc=0.9277 | val_loss=0.8166 val_acc@0.5=0.6667 | val_auc=0.7118 best_thr=0.271 val_acc@thr=0.6804
[subset_top_2pct] Epoch 12/30 | lr=1.00e-04 | train_loss=0.1689 train_acc=0.9342 | val_loss=0.8379 val_acc@0.5=0.6667 | val_auc=0.7120 best_thr=0.209 val_acc@thr=0.6764
[subset_top_2pct] Epoch 13/30 | lr=1.00e-04 | train_loss=0.1527 train_acc=0.9487 | val_loss=0.8523 val_acc@0.5=0.6720 | val_auc=0.7112 best_thr=0.159 val_acc@thr=0.6664
[subset_top_2pct] Epoch 14/30 | lr=1.00e-04 | train_loss=0.1430 train_acc=0.9473 | val_loss=0.8538 val_acc@0.5=0.6783 | val_auc=0.7137 best_thr=0.227 val_acc@thr=0.6758
[subset_top_2pct] Epoch 15/30 | lr=1.00e-04 | train_loss=0.1324 train_acc=0.9552 | val_loss=0.8266 val_acc@0.5=0.6722 | val_auc=0.7038 best_thr=0.224 val_acc@thr=0.6558
[subset_top_2pct] Epoch 16/30 | lr=1.00e-04 | train_loss=0.1237 train_acc=0.9480 | val_loss=0.8542 val_acc@0.5=0.6765 | val_auc=0.7143 best_thr=0.347 val_acc@thr=0.6711
[subset_top_2pct] Epoch 17/30 | lr=1.00e-04 | train_loss=0.1208 train_acc=0.9545 | val_loss=0.9429 val_acc@0.5=0.6709 | val_auc=0.7107 best_thr=0.202 val_acc@thr=0.6657
[subset_top_2pct] Epoch 18/30 | lr=1.00e-04 | train_loss=0.0906 train_acc=0.9697 | val_loss=0.9751 val_acc@0.5=0.6714 | val_auc=0.7038 best_thr=0.178 val_acc@thr=0.6642
[subset_top_2pct] Epoch 19/30 | lr=5.00e-05 | train_loss=0.0930 train_acc=0.9653 | val_loss=1.0616 val_acc@0.5=0.6733 | val_auc=0.7041 best_thr=0.137 val_acc@thr=0.6634
[subset_top_2pct] Epoch 20/30 | lr=5.00e-05 | train_loss=0.0873 train_acc=0.9733 | val_loss=0.9383 val_acc@0.5=0.6785 | val_auc=0.7113 best_thr=0.391 val_acc@thr=0.6773
[subset_top_2pct] Epoch 21/30 | lr=5.00e-05 | train_loss=0.0734 train_acc=0.9783 | val_loss=0.9651 val_acc@0.5=0.6758 | val_auc=0.7093 best_thr=0.260 val_acc@thr=0.6657
[subset_top_2pct] Early stopping: val_auc did not improve for 5 epochs.
Loaded pretrained weights from: /scratch/st-rohling-1/2025_capstone/xray_runs/run_001/.torch_cache/hub/checkpoints/densenet121-a639ec97.pth
[subset_bottom_2pct] Epoch 1/30 | lr=1.00e-03 | train_loss=0.6345 train_acc=0.6553 | val_loss=0.8848 val_acc@0.5=0.4179 | val_auc=0.4011 best_thr=inf val_acc@thr=0.5809
[subset_bottom_2pct] Epoch 2/30 | lr=1.00e-03 | train_loss=0.5686 train_acc=0.7023 | val_loss=0.7877 val_acc@0.5=0.3714 | val_auc=0.3475 best_thr=0.803 val_acc@thr=0.5808
[subset_bottom_2pct] Epoch 3/30 | lr=1.00e-03 | train_loss=0.5381 train_acc=0.7312 | val_loss=0.8215 val_acc@0.5=0.3689 | val_auc=0.3297 best_thr=0.879 val_acc@thr=0.5810
[subset_bottom_2pct] Epoch 4/30 | lr=5.00e-04 | train_loss=0.5050 train_acc=0.7529 | val_loss=0.8626 val_acc@0.5=0.3569 | val_auc=0.3246 best_thr=0.906 val_acc@thr=0.5810
[subset_bottom_2pct] Epoch 5/30 | lr=5.00e-04 | train_loss=0.5001 train_acc=0.7514 | val_loss=0.8871 val_acc@0.5=0.3526 | val_auc=0.3232 best_thr=0.920 val_acc@thr=0.5809
[subset_bottom_2pct] Unfreezing denseblock4 + norm5 at epoch 6
[subset_bottom_2pct] Epoch 6/30 | lr=1.00e-04 | train_loss=0.4655 train_acc=0.7825 | val_loss=1.1641 val_acc@0.5=0.3408 | val_auc=0.3013 best_thr=0.987 val_acc@thr=0.5809
[subset_bottom_2pct] Early stopping: val_auc did not improve for 5 epochs.
Loaded pretrained weights from: /scratch/st-rohling-1/2025_capstone/xray_runs/run_001/.torch_cache/hub/checkpoints/densenet121-a639ec97.pth
[subset_top_1pct] Epoch 1/30 | lr=1.00e-03 | train_loss=0.6775 train_acc=0.6647 | val_loss=0.7472 val_acc@0.5=0.5809 | val_auc=0.4793 best_thr=0.156 val_acc@thr=0.4206
[subset_top_1pct] Epoch 2/30 | lr=1.00e-03 | train_loss=0.6041 train_acc=0.6980 | val_loss=0.6947 val_acc@0.5=0.5804 | val_auc=0.5013 best_thr=0.351 val_acc@thr=0.5016
[subset_top_1pct] Epoch 3/30 | lr=1.00e-03 | train_loss=0.5881 train_acc=0.7153 | val_loss=0.6947 val_acc@0.5=0.5807 | val_auc=0.5485 best_thr=0.330 val_acc@thr=0.5385
[subset_top_1pct] Epoch 4/30 | lr=1.00e-03 | train_loss=0.5388 train_acc=0.7355 | val_loss=0.6750 val_acc@0.5=0.5882 | val_auc=0.5845 best_thr=0.354 val_acc@thr=0.5559
[subset_top_1pct] Epoch 5/30 | lr=1.00e-03 | train_loss=0.5272 train_acc=0.7298 | val_loss=0.6704 val_acc@0.5=0.5935 | val_auc=0.5990 best_thr=0.348 val_acc@thr=0.5636
[subset_top_1pct] Unfreezing denseblock4 + norm5 at epoch 6
[subset_top_1pct] Epoch 6/30 | lr=1.00e-04 | train_loss=0.4833 train_acc=0.7688 | val_loss=0.6494 val_acc@0.5=0.6201 | val_auc=0.6583 best_thr=0.327 val_acc@thr=0.6044
[subset_top_1pct] Epoch 7/30 | lr=1.00e-04 | train_loss=0.4051 train_acc=0.8353 | val_loss=0.6494 val_acc@0.5=0.6315 | val_auc=0.6760 best_thr=0.329 val_acc@thr=0.6299
[subset_top_1pct] Epoch 8/30 | lr=1.00e-04 | train_loss=0.3582 train_acc=0.8613 | val_loss=0.6539 val_acc@0.5=0.6401 | val_auc=0.6871 best_thr=0.331 val_acc@thr=0.6429
[subset_top_1pct] Epoch 9/30 | lr=1.00e-04 | train_loss=0.3297 train_acc=0.8656 | val_loss=0.6635 val_acc@0.5=0.6451 | val_auc=0.6994 best_thr=0.278 val_acc@thr=0.6483
[subset_top_1pct] Epoch 10/30 | lr=1.00e-04 | train_loss=0.3071 train_acc=0.8757 | val_loss=0.6731 val_acc@0.5=0.6505 | val_auc=0.7037 best_thr=0.298 val_acc@thr=0.6600
[subset_top_1pct] Epoch 11/30 | lr=1.00e-04 | train_loss=0.2923 train_acc=0.8772 | val_loss=0.6922 val_acc@0.5=0.6529 | val_auc=0.7071 best_thr=0.270 val_acc@thr=0.6649
[subset_top_1pct] Epoch 12/30 | lr=1.00e-04 | train_loss=0.2717 train_acc=0.9032 | val_loss=0.7020 val_acc@0.5=0.6588 | val_auc=0.7103 best_thr=0.232 val_acc@thr=0.6639
[subset_top_1pct] Epoch 13/30 | lr=1.00e-04 | train_loss=0.2305 train_acc=0.9118 | val_loss=0.7362 val_acc@0.5=0.6563 | val_auc=0.7113 best_thr=0.236 val_acc@thr=0.6696
[subset_top_1pct] Epoch 14/30 | lr=1.00e-04 | train_loss=0.2231 train_acc=0.9061 | val_loss=0.7613 val_acc@0.5=0.6575 | val_auc=0.7116 best_thr=0.175 val_acc@thr=0.6638
[subset_top_1pct] Epoch 15/30 | lr=1.00e-04 | train_loss=0.2048 train_acc=0.9220 | val_loss=0.7780 val_acc@0.5=0.6590 | val_auc=0.7098 best_thr=0.175 val_acc@thr=0.6630
[subset_top_1pct] Epoch 16/30 | lr=1.00e-04 | train_loss=0.1898 train_acc=0.9277 | val_loss=0.8160 val_acc@0.5=0.6556 | val_auc=0.7070 best_thr=0.152 val_acc@thr=0.6616
[subset_top_1pct] Epoch 17/30 | lr=5.00e-05 | train_loss=0.1759 train_acc=0.9422 | val_loss=0.8335 val_acc@0.5=0.6577 | val_auc=0.7046 best_thr=0.169 val_acc@thr=0.6619
[subset_top_1pct] Epoch 18/30 | lr=5.00e-05 | train_loss=0.1650 train_acc=0.9480 | val_loss=0.8550 val_acc@0.5=0.6601 | val_auc=0.7045 best_thr=0.155 val_acc@thr=0.6618
[subset_top_1pct] Epoch 19/30 | lr=5.00e-05 | train_loss=0.1631 train_acc=0.9436 | val_loss=0.8799 val_acc@0.5=0.6596 | val_auc=0.7035 best_thr=0.111 val_acc@thr=0.6527
[subset_top_1pct] Early stopping: val_auc did not improve for 5 epochs.
Loaded pretrained weights from: /scratch/st-rohling-1/2025_capstone/xray_runs/run_001/.torch_cache/hub/checkpoints/densenet121-a639ec97.pth
[subset_bottom_1pct] Epoch 1/30 | lr=1.00e-03 | train_loss=0.6998 train_acc=0.5462 | val_loss=0.7277 val_acc@0.5=0.4245 | val_auc=0.4149 best_thr=0.719 val_acc@thr=0.5808
[subset_bottom_1pct] Epoch 2/30 | lr=1.00e-03 | train_loss=0.6374 train_acc=0.6503 | val_loss=0.7514 val_acc@0.5=0.3887 | val_auc=0.3832 best_thr=0.743 val_acc@thr=0.5808
[subset_bottom_1pct] Epoch 3/30 | lr=1.00e-03 | train_loss=0.6201 train_acc=0.6301 | val_loss=0.7437 val_acc@0.5=0.4228 | val_auc=0.3656 best_thr=inf val_acc@thr=0.5809
[subset_bottom_1pct] Epoch 4/30 | lr=5.00e-04 | train_loss=0.6190 train_acc=0.6633 | val_loss=0.7647 val_acc@0.5=0.3878 | val_auc=0.3555 best_thr=inf val_acc@thr=0.5809
[subset_bottom_1pct] Epoch 5/30 | lr=5.00e-04 | train_loss=0.5962 train_acc=0.6676 | val_loss=0.7734 val_acc@0.5=0.3957 | val_auc=0.3505 best_thr=inf val_acc@thr=0.5809
[subset_bottom_1pct] Unfreezing denseblock4 + norm5 at epoch 6
[subset_bottom_1pct] Epoch 6/30 | lr=1.00e-04 | train_loss=0.5741 train_acc=0.7052 | val_loss=0.8866 val_acc@0.5=0.3547 | val_auc=0.3242 best_thr=inf val_acc@thr=0.5809
[subset_bottom_1pct] Early stopping: val_auc did not improve for 5 epochs.

=== DONE ===
Saved outputs to: /scratch/st-rohling-1/2025_capstone/final_runs/OT//out_10262953
Report: /scratch/st-rohling-1/2025_capstone/final_runs/OT//out_10262953/final_report.txt
Finished at: Thu Apr  9 19:24:45 PDT 2026
